Workbook

Sheet Sheet3
L14: SKU | M14: Frozen | N14: SKU | O14: Fresh
J15: Ceker | K15: =121.75+133.92+119.95 -> 375.62 | M15: 279.63 | O15: =+K15-M15 -> 95.99

Sheet Pot_ISA11+Blasting
I1: =+I8/E10 -> 0
A2: Harga Perolehan
A3: Live Bird | B3: 168000000 | C3: 7000 | G3: Supplier | H3: PT Bounty Segar Distribution | I3: =+B3/C3 -> 24000
A4: Biaya Ekspedisi | B4: 7000000 | G4: Tgl. Potong | H4: 46334
A5: Biaya Potong | B5: =10553120+1762160 -> 12315280
A6: Total | B6: =SUM(B3:B5) -> 187315280
K8: Est. GP Margin | L8: =SUM(K11:K65)/M10-1 -> -0.062718215
A9: Produk | B9: Price/Kg | C9: Satuan | E9: SKU Fresh | F9: Non Blasting | G9: No. SKU | H9: Item Name | I9: Qty | J9: Yield | K9: Est. Harga Jual | L9: COGS/Kg | M9: COGS/Item | N9: (Price/Kg - COGS/Kg) | O9: (Est. Harga Jual - COGS/Item) | P9: Notes
E10: =+C3 -> 7000 | F10: =+B6 -> 187315280 | I10: =SUM(I11:I79) -> 5914.9 | J10: =+SUM(J11:J79) -> 0.84498571 | K10: =+SUM(K11:K79) -> 176190200 | M10: =+SUM(M11:M79) -> 187315280 | O10: =+SUM(O11:O79) -> -11125080
A11: AU 0.3 | B11: =_xlfn.IFNA(_xlfn.XLOOKUP(A11,'Price list'!D:D,'Price list'!E:E),0) -> 0 | C11: Kg | H11: =IF(G11=0,"",_xlfn.XLOOKUP(G11,List_item!A:A,List_item!B:B)) | J11: =IF(F11/E$10>0,F11/E$10,I11/E$10) -> 0 | K11: =+B11*(F11+I11) -> 0 | L11: =IFERROR(((K11/SUM($K$11:$K$79))*$F$10)/(F11+I11),0) -> 0 | M11: =+L11*(F11+I11) -> 0 | N11: =IF(L11=0,0,B11-L11) -> 0 | O11: =+K11-M11 -> 0
A12: AU 0.4 | B12: =_xlfn.IFNA(_xlfn.XLOOKUP(A12,'Price list'!D:D,'Price list'!E:E),0) -> 0 | C12: Kg | H12: =IF(G12=0,"",_xlfn.XLOOKUP(G12,List_item!A:A,List_item!B:B)) | J12: =IF(F12/E$10>0,F12/E$10,I12/E$10) -> 0 | K12: =+B12*(F12+I12) -> 0 | L12: =IFERROR(((K12/SUM($K$11:$K$79))*$F$10)/(F12+I12),0) -> 0 | M12: =+L12*(F12+I12) -> 0 | N12: =IF(L12=0,0,B12-L12) -> 0 | O12: =+K12-M12 -> 0
A13: AU 0.5 | B13: =_xlfn.IFNA(_xlfn.XLOOKUP(A13,'Price list'!D:D,'Price list'!E:E),0) -> 36500 | C13: Kg | H13: =IF(G13=0,"",_xlfn.XLOOKUP(G13,List_item!A:A,List_item!B:B)) | J13: =IF(F13/E$10>0,F13/E$10,I13/E$10) -> 0 | K13: =+B13*(F13+I13) -> 0 | L13: =IFERROR(((K13/SUM($K$11:$K$79))*$F$10)/(F13+I13),0) -> 0 | M13: =+L13*(F13+I13) -> 0 | N13: =IF(L13=0,0,B13-L13) -> 0 | O13: =+K13-M13 -> 0
A14: AU 0.6 | B14: =_xlfn.IFNA(_xlfn.XLOOKUP(A14,'Price list'!D:D,'Price list'!E:E),0) -> 36500 | C14: Kg | H14: =IF(G14=0,"",_xlfn.XLOOKUP(G14,List_item!A:A,List_item!B:B)) | J14: =IF(F14/E$10>0,F14/E$10,I14/E$10) -> 0 | K14: =+B14*(F14+I14) -> 0 | L14: =IFERROR(((K14/SUM($K$11:$K$79))*$F$10)/(F14+I14),0) -> 0 | M14: =+L14*(F14+I14) -> 0 | N14: =IF(L14=0,0,B14-L14) -> 0 | O14: =+K14-M14 -> 0
A15: AU 0.7 | B15: =_xlfn.IFNA(_xlfn.XLOOKUP(A15,'Price list'!D:D,'Price list'!E:E),0) -> 36500 | C15: Kg | H15: =IF(G15=0,"",_xlfn.XLOOKUP(G15,List_item!A:A,List_item!B:B)) | J15: =IF(F15/E$10>0,F15/E$10,I15/E$10) -> 0 | K15: =+B15*(F15+I15) -> 0 | L15: =IFERROR(((K15/SUM($K$11:$K$79))*$F$10)/(F15+I15),0) -> 0 | M15: =+L15*(F15+I15) -> 0 | N15: =IF(L15=0,0,B15-L15) -> 0 | O15: =+K15-M15 -> 0
A16: AU 0.8 | B16: =_xlfn.IFNA(_xlfn.XLOOKUP(A16,'Price list'!D:D,'Price list'!E:E),0) -> 36500 | C16: Kg | G16: JLB1867 | H16: =IF(G16=0,"",_xlfn.XLOOKUP(G16,List_item!A:A,List_item!B:B)) -> Karkas Uk 0.7 Karkas Uk 0.7 Frozen Premium | I16: 7.7 | J16: =IF(F16/E$10>0,F16/E$10,I16/E$10) -> 0.0011 | K16: =+B16*(F16+I16) -> 281050 | L16: =IFERROR(((K16/SUM($K$11:$K$79))*$F$10)/(F16+I16),0) -> 38804.699 | M16: =+L16*(F16+I16) -> 298796.18 | N16: =IF(L16=0,0,B16-L16) -> -2304.6992 | O16: =+K16-M16 -> -17746.184
A17: AU 0.9 | B17: =_xlfn.IFNA(_xlfn.XLOOKUP(A17,'Price list'!D:D,'Price list'!E:E),0) -> 36500 | C17: Kg | G17: JLB1859 | H17: =IF(G17=0,"",_xlfn.XLOOKUP(G17,List_item!A:A,List_item!B:B)) -> Karkas Uk 0.8 Frozen Premium | I17: 9.7 | J17: =IF(F17/E$10>0,F17/E$10,I17/E$10) -> 0.0013857143 | K17: =+B17*(F17+I17) -> 354050 | L17: =IFERROR(((K17/SUM($K$11:$K$79))*$F$10)/(F17+I17),0) -> 38804.699 | M17: =+L17*(F17+I17) -> 376405.58 | N17: =IF(L17=0,0,B17-L17) -> -2304.6992 | O17: =+K17-M17 -> -22355.583
A18: AU 1.0 | B18: =_xlfn.IFNA(_xlfn.XLOOKUP(A18,'Price list'!D:D,'Price list'!E:E),0) -> 36500 | C18: Kg | G18: JLB0690 | H18: =IF(G18=0,"",_xlfn.XLOOKUP(G18,List_item!A:A,List_item!B:B)) -> Karkas Uk 1.0 Karkas Uk 1.0 Frozen Premium | I18: 21.4 | J18: =IF(F18/E$10>0,F18/E$10,I18/E$10) -> 0.0030571429 | K18: =+B18*(F18+I18) -> 781100 | L18: =IFERROR(((K18/SUM($K$11:$K$79))*$F$10)/(F18+I18),0) -> 38804.699 | M18: =+L18*(F18+I18) -> 830420.56 | N18: =IF(L18=0,0,B18-L18) -> -2304.6992 | O18: =+K18-M18 -> -49320.564
A19: AU 1.1 | B19: =_xlfn.IFNA(_xlfn.XLOOKUP(A19,'Price list'!D:D,'Price list'!E:E),0) -> 36500 | C19: Kg | G19: JLB0756 | H19: =IF(G19=0,"",_xlfn.XLOOKUP(G19,List_item!A:A,List_item!B:B)) -> Karkas Uk 1.1 Karkas Uk 1.1 Frozen Premium | I19: 75.9 | J19: =IF(F19/E$10>0,F19/E$10,I19/E$10) -> 0.010842857 | K19: =+B19*(F19+I19) -> 2770350 | L19: =IFERROR(((K19/SUM($K$11:$K$79))*$F$10)/(F19+I19),0) -> 38804.699 | M19: =+L19*(F19+I19) -> 2945276.7 | N19: =IF(L19=0,0,B19-L19) -> -2304.6992 | O19: =+K19-M19 -> -174926.67
A20: AU 1.2 | B20: =_xlfn.IFNA(_xlfn.XLOOKUP(A20,'Price list'!D:D,'Price list'!E:E),0) -> 36500 | C20: Kg | G20: JLB0822 | H20: =IF(G20=0,"",_xlfn.XLOOKUP(G20,List_item!A:A,List_item!B:B)) -> Karkas Uk 1.2 Karkas Uk 1.2 Frozen Premium | I20: 189.6 | J20: =IF(F20/E$10>0,F20/E$10,I20/E$10) -> 0.027085714 | K20: =+B20*(F20+I20) -> 6920400 | L20: =IFERROR(((K20/SUM($K$11:$K$79))*$F$10)/(F20+I20),0) -> 38804.699 | M20: =+L20*(F20+I20) -> 7357371 | N20: =IF(L20=0,0,B20-L20) -> -2304.6992 | O20: =+K20-M20 -> -436970.98
A21: AU 1.3 | B21: =_xlfn.IFNA(_xlfn.XLOOKUP(A21,'Price list'!D:D,'Price list'!E:E),0) -> 36500 | C21: Kg | G21: JLB0856 | H21: =IF(G21=0,"",_xlfn.XLOOKUP(G21,List_item!A:A,List_item!B:B)) -> Karkas Uk 1.3 Karkas Uk 1.3 Fresh Premium | I21: 356.9 | J21: =IF(F21/E$10>0,F21/E$10,I21/E$10) -> 0.050985714 | K21: =+B21*(F21+I21) -> 13026850 | L21: =IFERROR(((K21/SUM($K$11:$K$79))*$F$10)/(F21+I21),0) -> 38804.699 | M21: =+L21*(F21+I21) -> 13849397 | N21: =IF(L21=0,0,B21-L21) -> -2304.6992 | O21: =+K21-M21 -> -822547.16
A22: AU 1.4 | B22: =_xlfn.IFNA(_xlfn.XLOOKUP(A22,'Price list'!D:D,'Price list'!E:E),0) -> 36500 | C22: Kg | G22: JLB0922 | H22: =IF(G22=0,"",_xlfn.XLOOKUP(G22,List_item!A:A,List_item!B:B)) -> Karkas Uk 1.4 Karkas Uk 1.4 Fresh Premium | I22: 608.4 | J22: =IF(F22/E$10>0,F22/E$10,I22/E$10) -> 0.086914286 | K22: =+B22*(F22+I22) -> 22206600 | L22: =IFERROR(((K22/SUM($K$11:$K$79))*$F$10)/(F22+I22),0) -> 38804.699 | M22: =+L22*(F22+I22) -> 23608779 | N22: =IF(L22=0,0,B22-L22) -> -2304.6992 | O22: =+K22-M22 -> -1402179
A23: AU 1.5 | B23: =_xlfn.IFNA(_xlfn.XLOOKUP(A23,'Price list'!D:D,'Price list'!E:E),0) -> 36500 | C23: Kg | G23: JLB0988 | H23: =IF(G23=0,"",_xlfn.XLOOKUP(G23,List_item!A:A,List_item!B:B)) -> Karkas Uk 1.5 Karkas Uk 1.5 Fresh Premium | I23: 840.7 | J23: =IF(F23/E$10>0,F23/E$10,I23/E$10) -> 0.1201 | K23: =+B23*(F23+I23) -> 30685550 | L23: =IFERROR(((K23/SUM($K$11:$K$79))*$F$10)/(F23+I23),0) -> 38804.699 | M23: =+L23*(F23+I23) -> 32623111 | N23: =IF(L23=0,0,B23-L23) -> -2304.6992 | O23: =+K23-M23 -> -1937560.7
A24: AU 1.6 | B24: =_xlfn.IFNA(_xlfn.XLOOKUP(A24,'Price list'!D:D,'Price list'!E:E),0) -> 36500 | C24: Kg | G24: JLB1054 | H24: =IF(G24=0,"",_xlfn.XLOOKUP(G24,List_item!A:A,List_item!B:B)) -> Karkas Uk 1.6 Karkas Uk 1.6 Fresh Premium | I24: 807.1 | J24: =IF(F24/E$10>0,F24/E$10,I24/E$10) -> 0.1153 | K24: =+B24*(F24+I24) -> 29459150 | L24: =IFERROR(((K24/SUM($K$11:$K$79))*$F$10)/(F24+I24),0) -> 38804.699 | M24: =+L24*(F24+I24) -> 31319273 | N24: =IF(L24=0,0,B24-L24) -> -2304.6992 | O24: =+K24-M24 -> -1860122.8
A25: AU 1.7 | B25: =_xlfn.IFNA(_xlfn.XLOOKUP(A25,'Price list'!D:D,'Price list'!E:E),0) -> 36500 | C25: Kg | G25: JLB1152 | H25: =IF(G25=0,"",_xlfn.XLOOKUP(G25,List_item!A:A,List_item!B:B)) -> Karkas Uk 1.7 Karkas Uk 1.7 Frozen Premium | I25: 638.7 | J25: =IF(F25/E$10>0,F25/E$10,I25/E$10) -> 0.091242857 | K25: =+B25*(F25+I25) -> 23312550 | L25: =IFERROR(((K25/SUM($K$11:$K$79))*$F$10)/(F25+I25),0) -> 38804.699 | M25: =+L25*(F25+I25) -> 24784561 | N25: =IF(L25=0,0,B25-L25) -> -2304.6992 | O25: =+K25-M25 -> -1472011.4
A26: AU 1.8 | B26: =_xlfn.IFNA(_xlfn.XLOOKUP(A26,'Price list'!D:D,'Price list'!E:E),0) -> 36500 | C26: Kg | G26: JLB1218 | H26: =IF(G26=0,"",_xlfn.XLOOKUP(G26,List_item!A:A,List_item!B:B)) -> Karkas Uk 1.8 Karkas Uk 1.8 Frozen Premium | I26: 553.1 | J26: =IF(F26/E$10>0,F26/E$10,I26/E$10) -> 0.079014286 | K26: =+B26*(F26+I26) -> 20188150 | L26: =IFERROR(((K26/SUM($K$11:$K$79))*$F$10)/(F26+I26),0) -> 38804.699 | M26: =+L26*(F26+I26) -> 21462879 | N26: =IF(L26=0,0,B26-L26) -> -2304.6992 | O26: =+K26-M26 -> -1274729.1
A27: AU 1.9 | B27: =_xlfn.IFNA(_xlfn.XLOOKUP(A27,'Price list'!D:D,'Price list'!E:E),0) -> 36500 | C27: Kg | G27: JLB1350 | H27: =IF(G27=0,"",_xlfn.XLOOKUP(G27,List_item!A:A,List_item!B:B)) -> Karkas Uk 2.0 Karkas Uk 2.0 Frozen Premium | I27: 192.2 | J27: =IF(F27/E$10>0,F27/E$10,I27/E$10) -> 0.027457143 | K27: =+B27*(F27+I27) -> 7015300 | L27: =IFERROR(((K27/SUM($K$11:$K$79))*$F$10)/(F27+I27),0) -> 38804.699 | M27: =+L27*(F27+I27) -> 7458263.2 | N27: =IF(L27=0,0,B27-L27) -> -2304.6992 | O27: =+K27-M27 -> -442963.19
A28: AU 2.0 | B28: =_xlfn.IFNA(_xlfn.XLOOKUP(A28,'Price list'!D:D,'Price list'!E:E),0) -> 36500 | C28: Kg | H28: =IF(G28=0,"",_xlfn.XLOOKUP(G28,List_item!A:A,List_item!B:B)) | J28: =IF(F28/E$10>0,F28/E$10,I28/E$10) -> 0 | K28: =+B28*(F28+I28) -> 0 | L28: =IFERROR(((K28/SUM($K$11:$K$79))*$F$10)/(F28+I28),0) -> 0 | M28: =+L28*(F28+I28) -> 0 | N28: =IF(L28=0,0,B28-L28) -> 0 | O28: =+K28-M28 -> 0
A29: AU UP | B29: =_xlfn.IFNA(_xlfn.XLOOKUP(A29,'Price list'!D:D,'Price list'!E:E),0) -> 0 | C29: Kg | H29: =IF(G29=0,"",_xlfn.XLOOKUP(G29,List_item!A:A,List_item!B:B)) | J29: =IF(F29/E$10>0,F29/E$10,I29/E$10) -> 0 | K29: =+B29*(F29+I29) -> 0 | L29: =IFERROR(((K29/SUM($K$11:$K$79))*$F$10)/(F29+I29),0) -> 0 | M29: =+L29*(F29+I29) -> 0 | N29: =IF(L29=0,0,B29-L29) -> 0 | O29: =+K29-M29 -> 0
A30: BLD | B30: =_xlfn.IFNA(_xlfn.XLOOKUP(A30,'Price list'!D:D,'Price list'!E:E),0) -> 50000 | C30: Kg | H30: =IF(G30=0,"",_xlfn.XLOOKUP(G30,List_item!A:A,List_item!B:B)) | J30: =IF(F30/E$10>0,F30/E$10,I30/E$10) -> 0 | K30: =+B30*(F30+I30) -> 0 | L30: =IFERROR(((K30/SUM($K$11:$K$79))*$F$10)/(F30+I30),0) -> 0 | M30: =+L30*(F30+I30) -> 0 | N30: =IF(L30=0,0,B30-L30) -> 0 | O30: =+K30-M30 -> 0
A31: BLPK | B31: =_xlfn.IFNA(_xlfn.XLOOKUP(A31,'Price list'!D:D,'Price list'!E:E),0) -> 48000 | C31: Kg | H31: =IF(G31=0,"",_xlfn.XLOOKUP(G31,List_item!A:A,List_item!B:B)) | J31: =IF(F31/E$10>0,F31/E$10,I31/E$10) -> 0 | K31: =+B31*(F31+I31) -> 0 | L31: =IFERROR(((K31/SUM($K$11:$K$79))*$F$10)/(F31+I31),0) -> 0 | M31: =+L31*(F31+I31) -> 0 | N31: =IF(L31=0,0,B31-L31) -> 0 | O31: =+K31-M31 -> 0
A32: BLP | B32: =_xlfn.IFNA(_xlfn.XLOOKUP(A32,'Price list'!D:D,'Price list'!E:E),0) -> 49000 | C32: Kg | H32: =IF(G32=0,"",_xlfn.XLOOKUP(G32,List_item!A:A,List_item!B:B)) | J32: =IF(F32/E$10>0,F32/E$10,I32/E$10) -> 0 | K32: =+B32*(F32+I32) -> 0 | L32: =IFERROR(((K32/SUM($K$11:$K$79))*$F$10)/(F32+I32),0) -> 0 | M32: =+L32*(F32+I32) -> 0 | N32: =IF(L32=0,0,B32-L32) -> 0 | O32: =+K32-M32 -> 0
A33: Krk | B33: =_xlfn.IFNA(_xlfn.XLOOKUP(A33,'Price list'!D:D,'Price list'!E:E),0) -> 5500 | C33: Kg | H33: =IF(G33=0,"",_xlfn.XLOOKUP(G33,List_item!A:A,List_item!B:B)) | J33: =IF(F33/E$10>0,F33/E$10,I33/E$10) -> 0 | K33: =+B33*(F33+I33) -> 0 | L33: =IFERROR(((K33/SUM($K$11:$K$79))*$F$10)/(F33+I33),0) -> 0 | M33: =+L33*(F33+I33) -> 0 | N33: =IF(L33=0,0,B33-L33) -> 0 | O33: =+K33-M33 -> 0
A34: kulit | B34: =_xlfn.IFNA(_xlfn.XLOOKUP(A34,'Price list'!D:D,'Price list'!E:E),0) -> 20000 | C34: Kg | H34: =IF(G34=0,"",_xlfn.XLOOKUP(G34,List_item!A:A,List_item!B:B)) | J34: =IF(F34/E$10>0,F34/E$10,I34/E$10) -> 0 | K34: =+B34*(F34+I34) -> 0 | L34: =IFERROR(((K34/SUM($K$11:$K$79))*$F$10)/(F34+I34),0) -> 0 | M34: =+L34*(F34+I34) -> 0 | N34: =IF(L34=0,0,B34-L34) -> 0 | O34: =+K34-M34 -> 0
A35: Sayap | B35: =_xlfn.IFNA(_xlfn.XLOOKUP(A35,'Price list'!D:D,'Price list'!E:E),0) -> 22000 | C35: Kg | H35: =IF(G35=0,"",_xlfn.XLOOKUP(G35,List_item!A:A,List_item!B:B)) | J35: =IF(F35/E$10>0,F35/E$10,I35/E$10) -> 0 | K35: =+B35*(F35+I35) -> 0 | L35: =IFERROR(((K35/SUM($K$11:$K$79))*$F$10)/(F35+I35),0) -> 0 | M35: =+L35*(F35+I35) -> 0 | N35: =IF(L35=0,0,B35-L35) -> 0 | O35: =+K35-M35 -> 0
A36: Sayap grade A | B36: =_xlfn.IFNA(_xlfn.XLOOKUP(A36,'Price list'!D:D,'Price list'!E:E),0) -> 18000 | C36: Kg | H36: =IF(G36=0,"",_xlfn.XLOOKUP(G36,List_item!A:A,List_item!B:B)) | J36: =IF(F36/E$10>0,F36/E$10,I36/E$10) -> 0 | K36: =+B36*(F36+I36) -> 0 | L36: =IFERROR(((K36/SUM($K$11:$K$79))*$F$10)/(F36+I36),0) -> 0 | M36: =+L36*(F36+I36) -> 0 | N36: =IF(L36=0,0,B36-L36) -> 0 | O36: =+K36-M36 -> 0
A37: TLP | B37: =_xlfn.IFNA(_xlfn.XLOOKUP(A37,'Price list'!D:D,'Price list'!E:E),0) -> 3500 | C37: Kg | H37: =IF(G37=0,"",_xlfn.XLOOKUP(G37,List_item!A:A,List_item!B:B)) | J37: =IF(F37/E$10>0,F37/E$10,I37/E$10) -> 0 | K37: =+B37*(F37+I37) -> 0 | L37: =IFERROR(((K37/SUM($K$11:$K$79))*$F$10)/(F37+I37),0) -> 0 | M37: =+L37*(F37+I37) -> 0 | N37: =IF(L37=0,0,B37-L37) -> 0 | O37: =+K37-M37 -> 0
A38: Paha Bawah | B38: =_xlfn.IFNA(_xlfn.XLOOKUP(A38,'Price list'!D:D,'Price list'!E:E),0) -> 38000 | C38: Kg | H38: =IF(G38=0,"",_xlfn.XLOOKUP(G38,List_item!A:A,List_item!B:B)) | J38: =IF(F38/E$10>0,F38/E$10,I38/E$10) -> 0 | K38: =+B38*(F38+I38) -> 0 | L38: =IFERROR(((K38/SUM($K$11:$K$79))*$F$10)/(F38+I38),0) -> 0 | M38: =+L38*(F38+I38) -> 0 | N38: =IF(L38=0,0,B38-L38) -> 0 | O38: =+K38-M38 -> 0
A39: Lemak | B39: =_xlfn.IFNA(_xlfn.XLOOKUP(A39,'Price list'!D:D,'Price list'!E:E),0) -> 18000 | C39: Kg | G39: JLB0118 | H39: =IF(G39=0,"",_xlfn.XLOOKUP(G39,List_item!A:A,List_item!B:B)) -> Boneless BL Fresh Lemak | I39: 22 | J39: =IF(F39/E$10>0,F39/E$10,I39/E$10) -> 0.0031428571 | K39: =+B39*(F39+I39) -> 396000 | L39: =IFERROR(((K39/SUM($K$11:$K$79))*$F$10)/(F39+I39),0) -> 19136.564 | M39: =+L39*(F39+I39) -> 421004.41 | N39: =IF(L39=0,0,B39-L39) -> -1136.564 | O39: =+K39-M39 -> -25004.408
A40: Kepala | B40: =_xlfn.IFNA(_xlfn.XLOOKUP(A40,'Price list'!D:D,'Price list'!E:E),0) -> 8000 | G40: JLB0092 | H40: =IF(G40=0,"",_xlfn.XLOOKUP(G40,List_item!A:A,List_item!B:B)) -> Boneless BL Fresh Kepala | I40: 323.2 | J40: =IF(F40/E$10>0,F40/E$10,I40/E$10) -> 0.046171429 | K40: =+B40*(F40+I40) -> 2585600 | L40: =IFERROR(((K40/SUM($K$11:$K$79))*$F$10)/(F40+I40),0) -> 8505.1396 | M40: =+L40*(F40+I40) -> 2748861.1 | N40: =IF(L40=0,0,B40-L40) -> -505.13956 | O40: =+K40-M40 -> -163261.11
A41: Ceker | B41: =_xlfn.IFNA(_xlfn.XLOOKUP(A41,'Price list'!D:D,'Price list'!E:E),0) -> 10000 | C41: Kg | G41: JLB0078 | H41: =IF(G41=0,"",_xlfn.XLOOKUP(G41,List_item!A:A,List_item!B:B)) -> Boneless BL Fresh Ceker | I41: 222.2 | J41: =IF(F41/E$10>0,F41/E$10,I41/E$10) -> 0.031742857 | K41: =+B41*(F41+I41) -> 2222000 | L41: =IFERROR(((K41/SUM($K$11:$K$79))*$F$10)/(F41+I41),0) -> 10631.424 | M41: =+L41*(F41+I41) -> 2362302.5 | N41: =IF(L41=0,0,B41-L41) -> -631.42445 | O41: =+K41-M41 -> -140302.51
A42: HJA | B42: =_xlfn.IFNA(_xlfn.XLOOKUP(A42,'Price list'!D:D,'Price list'!E:E),0) -> 4000 | C42: Kg | H42: =IF(G42=0,"",_xlfn.XLOOKUP(G42,List_item!A:A,List_item!B:B)) | J42: =IF(F42/E$10>0,F42/E$10,I42/E$10) -> 0 | K42: =+B42*(F42+I42) -> 0 | L42: =IFERROR(((K42/SUM($K$11:$K$79))*$F$10)/(F42+I42),0) -> 0 | M42: =+L42*(F42+I42) -> 0 | N42: =IF(L42=0,0,B42-L42) -> 0 | O42: =+K42-M42 -> 0
A43: Usus | B43: =_xlfn.IFNA(_xlfn.XLOOKUP(A43,'Price list'!D:D,'Price list'!E:E),0) -> 5000 | C43: Kg | G43: JLB0135 | H43: =IF(G43=0,"",_xlfn.XLOOKUP(G43,List_item!A:A,List_item!B:B)) -> Boneless BL Fresh Usus Kotor | I43: 314.8 | J43: =IF(F43/E$10>0,F43/E$10,I43/E$10) -> 0.044971429 | K43: =+B43*(F43+I43) -> 1574000 | L43: =IFERROR(((K43/SUM($K$11:$K$79))*$F$10)/(F43+I43),0) -> 5315.7122 | M43: =+L43*(F43+I43) -> 1673386.2 | N43: =IF(L43=0,0,B43-L43) -> -315.71222 | O43: =+K43-M43 -> -99386.208
A44: Tungir | B44: =_xlfn.IFNA(_xlfn.XLOOKUP(A44,'Price list'!D:D,'Price list'!E:E),0) -> 16000 | C44: Kg | H44: =IF(G44=0,"",_xlfn.XLOOKUP(G44,List_item!A:A,List_item!B:B)) | J44: =IF(F44/E$10>0,F44/E$10,I44/E$10) -> 0 | K44: =+B44*(F44+I44) -> 0 | L44: =IFERROR(((K44/SUM($K$11:$K$79))*$F$10)/(F44+I44),0) -> 0 | M44: =+L44*(F44+I44) -> 0 | N44: =IF(L44=0,0,B44-L44) -> 0 | O44: =+K44-M44 -> 0
A45: Jantung | B45: =_xlfn.IFNA(_xlfn.XLOOKUP(A45,'Price list'!D:D,'Price list'!E:E),0) -> 10000 | C45: Kg | H45: =IF(G45=0,"",_xlfn.XLOOKUP(G45,List_item!A:A,List_item!B:B)) | J45: =IF(F45/E$10>0,F45/E$10,I45/E$10) -> 0 | K45: =+B45*(F45+I45) -> 0 | L45: =IFERROR(((K45/SUM($K$11:$K$79))*$F$10)/(F45+I45),0) -> 0 | M45: =+L45*(F45+I45) -> 0 | N45: =IF(L45=0,0,B45-L45) -> 0 | O45: =+K45-M45 -> 0
A46: Ceker B | B46: =_xlfn.IFNA(_xlfn.XLOOKUP(A46,'Price list'!D:D,'Price list'!E:E),0) -> 5000 | C46: Kg | H46: =IF(G46=0,"",_xlfn.XLOOKUP(G46,List_item!A:A,List_item!B:B)) | J46: =IF(F46/E$10>0,F46/E$10,I46/E$10) -> 0 | K46: =+B46*(F46+I46) -> 0 | L46: =IFERROR(((K46/SUM($K$11:$K$79))*$F$10)/(F46+I46),0) -> 0 | M46: =+L46*(F46+I46) -> 0 | N46: =IF(L46=0,0,B46-L46) -> 0 | O46: =+K46-M46 -> 0
A47: Giblet | B47: =_xlfn.IFNA(_xlfn.XLOOKUP(A47,'Price list'!D:D,'Price list'!E:E),0) -> 5000 | C47: Kg | G47: JLB0080 | H47: =IF(G47=0,"",_xlfn.XLOOKUP(G47,List_item!A:A,List_item!B:B)) -> Boneless BL Fresh HJA | I47: 415.2 | J47: =IF(F47/E$10>0,F47/E$10,I47/E$10) -> 0.059314286 | K47: =+B47*(F47+I47) -> 2076000 | L47: =IFERROR(((K47/SUM($K$11:$K$79))*$F$10)/(F47+I47),0) -> 5315.7122 | M47: =+L47*(F47+I47) -> 2207083.7 | N47: =IF(L47=0,0,B47-L47) -> -315.71222 | O47: =+K47-M47 -> -131083.72
A48: BLD Grade D | B48: =_xlfn.IFNA(_xlfn.XLOOKUP(A48,'Price list'!D:D,'Price list'!E:E),0) -> 45000 | C48: Kg | H48: =IF(G48=0,"",_xlfn.XLOOKUP(G48,List_item!A:A,List_item!B:B)) | J48: =IF(F48/E$10>0,F48/E$10,I48/E$10) -> 0 | K48: =+B48*(F48+I48) -> 0 | L48: =IFERROR(((K48/SUM($K$11:$K$79))*$F$10)/(F48+I48),0) -> 0 | M48: =+L48*(F48+I48) -> 0 | N48: =IF(L48=0,0,B48-L48) -> 0 | O48: =+K48-M48 -> 0
A49: BLP Grade D | B49: =_xlfn.IFNA(_xlfn.XLOOKUP(A49,'Price list'!D:D,'Price list'!E:E),0) -> 44000 | C49: Kg | H49: =IF(G49=0,"",_xlfn.XLOOKUP(G49,List_item!A:A,List_item!B:B)) | J49: =IF(F49/E$10>0,F49/E$10,I49/E$10) -> 0 | K49: =+B49*(F49+I49) -> 0 | L49: =IFERROR(((K49/SUM($K$11:$K$79))*$F$10)/(F49+I49),0) -> 0 | M49: =+L49*(F49+I49) -> 0 | N49: =IF(L49=0,0,B49-L49) -> 0 | O49: =+K49-M49 -> 0
A50: AU 0.3 Grade A | B50: =_xlfn.IFNA(_xlfn.XLOOKUP(A50,'Price list'!D:D,'Price list'!E:E),0) -> 0 | C50: Kg | H50: =IF(G50=0,"",_xlfn.XLOOKUP(G50,List_item!A:A,List_item!B:B)) | J50: =IF(F50/E$10>0,F50/E$10,I50/E$10) -> 0 | K50: =+B50*(F50+I50) -> 0 | L50: =IFERROR(((K50/SUM($K$11:$K$79))*$F$10)/(F50+I50),0) -> 0 | M50: =+L50*(F50+I50) -> 0 | N50: =IF(L50=0,0,B50-L50) -> 0 | O50: =+K50-M50 -> 0
A51: AU 0.4 Grade A | B51: =_xlfn.IFNA(_xlfn.XLOOKUP(A51,'Price list'!D:D,'Price list'!E:E),0) -> 35000 | C51: Kg | H51: =IF(G51=0,"",_xlfn.XLOOKUP(G51,List_item!A:A,List_item!B:B)) | J51: =IF(F51/E$10>0,F51/E$10,I51/E$10) -> 0 | K51: =+B51*(F51+I51) -> 0 | L51: =IFERROR(((K51/SUM($K$11:$K$79))*$F$10)/(F51+I51),0) -> 0 | M51: =+L51*(F51+I51) -> 0 | N51: =IF(L51=0,0,B51-L51) -> 0 | O51: =+K51-M51 -> 0
A52: AU 0.5 Grade A | B52: =_xlfn.IFNA(_xlfn.XLOOKUP(A52,'Price list'!D:D,'Price list'!E:E),0) -> 35000 | C52: Kg | H52: =IF(G52=0,"",_xlfn.XLOOKUP(G52,List_item!A:A,List_item!B:B)) | J52: =IF(F52/E$10>0,F52/E$10,I52/E$10) -> 0 | K52: =+B52*(F52+I52) -> 0 | L52: =IFERROR(((K52/SUM($K$11:$K$79))*$F$10)/(F52+I52),0) -> 0 | M52: =+L52*(F52+I52) -> 0 | N52: =IF(L52=0,0,B52-L52) -> 0 | O52: =+K52-M52 -> 0
A53: AU 0.6 Grade A | B53: =_xlfn.IFNA(_xlfn.XLOOKUP(A53,'Price list'!D:D,'Price list'!E:E),0) -> 35000 | C53: Kg | H53: =IF(G53=0,"",_xlfn.XLOOKUP(G53,List_item!A:A,List_item!B:B)) | J53: =IF(F53/E$10>0,F53/E$10,I53/E$10) -> 0 | K53: =+B53*(F53+I53) -> 0 | L53: =IFERROR(((K53/SUM($K$11:$K$79))*$F$10)/(F53+I53),0) -> 0 | M53: =+L53*(F53+I53) -> 0 | N53: =IF(L53=0,0,B53-L53) -> 0 | O53: =+K53-M53 -> 0
A54: AU 0.7 Grade A | B54: =_xlfn.IFNA(_xlfn.XLOOKUP(A54,'Price list'!D:D,'Price list'!E:E),0) -> 35000 | C54: Kg | H54: =IF(G54=0,"",_xlfn.XLOOKUP(G54,List_item!A:A,List_item!B:B)) | J54: =IF(F54/E$10>0,F54/E$10,I54/E$10) -> 0 | K54: =+B54*(F54+I54) -> 0 | L54: =IFERROR(((K54/SUM($K$11:$K$79))*$F$10)/(F54+I54),0) -> 0 | M54: =+L54*(F54+I54) -> 0 | N54: =IF(L54=0,0,B54-L54) -> 0 | O54: =+K54-M54 -> 0
A55: AU 0.8 Grade A | B55: =_xlfn.IFNA(_xlfn.XLOOKUP(A55,'Price list'!D:D,'Price list'!E:E),0) -> 35000 | C55: Kg | G55: JLB0533 | H55: =IF(G55=0,"",_xlfn.XLOOKUP(G55,List_item!A:A,List_item!B:B)) -> Karkas Uk 0.8 Karkas Uk 0.8 Frozen Grade A | I55: 1.7 | J55: =IF(F55/E$10>0,F55/E$10,I55/E$10) -> 0.00024285714 | K55: =+B55*(F55+I55) -> 59500 | L55: =IFERROR(((K55/SUM($K$11:$K$79))*$F$10)/(F55+I55),0) -> 37209.986 | M55: =+L55*(F55+I55) -> 63256.975 | N55: =IF(L55=0,0,B55-L55) -> -2209.9856 | O55: =+K55-M55 -> -3756.9755
A56: AU 0.9 Grade A | B56: =_xlfn.IFNA(_xlfn.XLOOKUP(A56,'Price list'!D:D,'Price list'!E:E),0) -> 35000 | C56: Kg | H56: =IF(G56=0,"",_xlfn.XLOOKUP(G56,List_item!A:A,List_item!B:B)) | J56: =IF(F56/E$10>0,F56/E$10,I56/E$10) -> 0 | K56: =+B56*(F56+I56) -> 0 | L56: =IFERROR(((K56/SUM($K$11:$K$79))*$F$10)/(F56+I56),0) -> 0 | M56: =+L56*(F56+I56) -> 0 | N56: =IF(L56=0,0,B56-L56) -> 0 | O56: =+K56-M56 -> 0
A57: AU 1.0 Grade A | B57: =_xlfn.IFNA(_xlfn.XLOOKUP(A57,'Price list'!D:D,'Price list'!E:E),0) -> 35000 | C57: Kg | H57: =IF(G57=0,"",_xlfn.XLOOKUP(G57,List_item!A:A,List_item!B:B)) | J57: =IF(F57/E$10>0,F57/E$10,I57/E$10) -> 0 | K57: =+B57*(F57+I57) -> 0 | L57: =IFERROR(((K57/SUM($K$11:$K$79))*$F$10)/(F57+I57),0) -> 0 | M57: =+L57*(F57+I57) -> 0 | N57: =IF(L57=0,0,B57-L57) -> 0 | O57: =+K57-M57 -> 0
A58: AU 1.1 Grade A | B58: =_xlfn.IFNA(_xlfn.XLOOKUP(A58,'Price list'!D:D,'Price list'!E:E),0) -> 35000 | C58: Kg | H58: =IF(G58=0,"",_xlfn.XLOOKUP(G58,List_item!A:A,List_item!B:B)) | J58: =IF(F58/E$10>0,F58/E$10,I58/E$10) -> 0 | K58: =+B58*(F58+I58) -> 0 | L58: =IFERROR(((K58/SUM($K$11:$K$79))*$F$10)/(F58+I58),0) -> 0 | M58: =+L58*(F58+I58) -> 0 | N58: =IF(L58=0,0,B58-L58) -> 0 | O58: =+K58-M58 -> 0
A59: AU 1.2 Grade A | B59: =_xlfn.IFNA(_xlfn.XLOOKUP(A59,'Price list'!D:D,'Price list'!E:E),0) -> 35000 | C59: Kg | G59: JLB0795 | H59: =IF(G59=0,"",_xlfn.XLOOKUP(G59,List_item!A:A,List_item!B:B)) -> Karkas Uk 1.2 Karkas Uk 1.2 Frozen Grade A | I59: 8.8 | J59: =IF(F59/E$10>0,F59/E$10,I59/E$10) -> 0.0012571429 | K59: =+B59*(F59+I59) -> 308000 | L59: =IFERROR(((K59/SUM($K$11:$K$79))*$F$10)/(F59+I59),0) -> 37209.986 | M59: =+L59*(F59+I59) -> 327447.87 | N59: =IF(L59=0,0,B59-L59) -> -2209.9856 | O59: =+K59-M59 -> -19447.873
A60: AU 1.3 Grade A | B60: =_xlfn.IFNA(_xlfn.XLOOKUP(A60,'Price list'!D:D,'Price list'!E:E),0) -> 35000 | C60: Kg | G60: JLB0861 | H60: =IF(G60=0,"",_xlfn.XLOOKUP(G60,List_item!A:A,List_item!B:B)) -> Karkas Uk 1.3 Karkas Uk 1.3 Frozen Grade A | I60: 34.3 | J60: =IF(F60/E$10>0,F60/E$10,I60/E$10) -> 0.0049 | K60: =+B60*(F60+I60) -> 1200500 | L60: =IFERROR(((K60/SUM($K$11:$K$79))*$F$10)/(F60+I60),0) -> 37209.986 | M60: =+L60*(F60+I60) -> 1276302.5 | N60: =IF(L60=0,0,B60-L60) -> -2209.9856 | O60: =+K60-M60 -> -75802.505
A61: AU 1.4 Grade A | B61: =_xlfn.IFNA(_xlfn.XLOOKUP(A61,'Price list'!D:D,'Price list'!E:E),0) -> 35000 | C61: Kg | G61: JLB0927 | H61: =IF(G61=0,"",_xlfn.XLOOKUP(G61,List_item!A:A,List_item!B:B)) -> Karkas Uk 1.4 Karkas Uk 1.4 Frozen Grade A | I61: 61.8 | J61: =IF(F61/E$10>0,F61/E$10,I61/E$10) -> 0.0088285714 | K61: =+B61*(F61+I61) -> 2163000 | L61: =IFERROR(((K61/SUM($K$11:$K$79))*$F$10)/(F61+I61),0) -> 37209.986 | M61: =+L61*(F61+I61) -> 2299577.1 | N61: =IF(L61=0,0,B61-L61) -> -2209.9856 | O61: =+K61-M61 -> -136577.11
A62: AU 1.5 Grade A | B62: =_xlfn.IFNA(_xlfn.XLOOKUP(A62,'Price list'!D:D,'Price list'!E:E),0) -> 35000 | C62: Kg | G62: JLB0993 | H62: =IF(G62=0,"",_xlfn.XLOOKUP(G62,List_item!A:A,List_item!B:B)) -> Karkas Uk 1.5 Karkas Uk 1.5 Frozen Grade A | I62: 69.5 | J62: =IF(F62/E$10>0,F62/E$10,I62/E$10) -> 0.0099285714 | K62: =+B62*(F62+I62) -> 2432500 | L62: =IFERROR(((K62/SUM($K$11:$K$79))*$F$10)/(F62+I62),0) -> 37209.986 | M62: =+L62*(F62+I62) -> 2586094 | N62: =IF(L62=0,0,B62-L62) -> -2209.9856 | O62: =+K62-M62 -> -153594
A63: AU 1.6 Grade A | B63: =_xlfn.IFNA(_xlfn.XLOOKUP(A63,'Price list'!D:D,'Price list'!E:E),0) -> 35000 | C63: Kg | G63: JLB1059 | H63: =IF(G63=0,"",_xlfn.XLOOKUP(G63,List_item!A:A,List_item!B:B)) -> Karkas Uk 1.6 Karkas Uk 1.6 Frozen Grade A | I63: 55.7 | J63: =IF(F63/E$10>0,F63/E$10,I63/E$10) -> 0.0079571429 | K63: =+B63*(F63+I63) -> 1949500 | L63: =IFERROR(((K63/SUM($K$11:$K$79))*$F$10)/(F63+I63),0) -> 37209.986 | M63: =+L63*(F63+I63) -> 2072596.2 | N63: =IF(L63=0,0,B63-L63) -> -2209.9856 | O63: =+K63-M63 -> -123096.2
A64: AU 1.7 Grade A | B64: =_xlfn.IFNA(_xlfn.XLOOKUP(A64,'Price list'!D:D,'Price list'!E:E),0) -> 35000 | C64: Kg | G64: JLB1125 | H64: =IF(G64=0,"",_xlfn.XLOOKUP(G64,List_item!A:A,List_item!B:B)) -> Karkas Uk 1.7 Karkas Uk 1.7 Frozen Grade A | I64: 45.7 | J64: =IF(F64/E$10>0,F64/E$10,I64/E$10) -> 0.0065285714 | K64: =+B64*(F64+I64) -> 1599500 | L64: =IFERROR(((K64/SUM($K$11:$K$79))*$F$10)/(F64+I64),0) -> 37209.986 | M64: =+L64*(F64+I64) -> 1700496.3 | N64: =IF(L64=0,0,B64-L64) -> -2209.9856 | O64: =+K64-M64 -> -100996.34
A65: AU 1. Grade A | B65: =_xlfn.IFNA(_xlfn.XLOOKUP(A65,'Price list'!D:D,'Price list'!E:E),0) -> 0 | C65: Kg | G65: JLB1192 | H65: =IF(G65=0,"",_xlfn.XLOOKUP(G65,List_item!A:A,List_item!B:B)) -> Karkas Uk 1.8 Karkas Uk 1.8 Frozen Grade A | I65: 20.8 | J65: =IF(F65/E$10>0,F65/E$10,I65/E$10) -> 0.0029714286 | K65: =+B65*(F65+I65) -> 0 | L65: =IFERROR(((K65/SUM($K$11:$K$79))*$F$10)/(F65+I65),0) -> 0 | M65: =+L65*(F65+I65) -> 0 | N65: =IF(L65=0,0,B65-L65) -> 0 | O65: =+K65-M65 -> 0
A66: AU 1.9 Grade A | B66: =_xlfn.IFNA(_xlfn.XLOOKUP(A66,'Price list'!D:D,'Price list'!E:E),0) -> 35000 | C66: Kg | G66: JLB1257 | H66: =IF(G66=0,"",_xlfn.XLOOKUP(G66,List_item!A:A,List_item!B:B)) -> Karkas Uk 1.9 Karkas Uk 1.9 Frozen Grade A | I66: 17.8 | J66: =IF(F66/E$10>0,F66/E$10,I66/E$10) -> 0.0025428571 | K66: =+B66*(F66+I66) -> 623000 | L66: =IFERROR(((K66/SUM($K$11:$K$79))*$F$10)/(F66+I66),0) -> 37209.986 | M66: =+L66*(F66+I66) -> 662337.74 | N66: =IF(L66=0,0,B66-L66) -> -2209.9856 | O66: =+K66-M66 -> -39337.743
A67: AU 2.0 Grade A | B67: =_xlfn.IFNA(_xlfn.XLOOKUP(A67,'Price list'!D:D,'Price list'!E:E),0) -> 35000 | C67: Kg | H67: =IF(G67=0,"",_xlfn.XLOOKUP(G67,List_item!A:A,List_item!B:B)) | J67: =IF(F67/E$10>0,F67/E$10,I67/E$10) -> 0 | K67: =+B67*(F67+I67) -> 0 | L67: =IFERROR(((K67/SUM($K$11:$K$79))*$F$10)/(F67+I67),0) -> 0 | M67: =+L67*(F67+I67) -> 0 | N67: =IF(L67=0,0,B67-L67) -> 0 | O67: =+K67-M67 -> 0
A68: AU 1.45 Grade A | B68: =_xlfn.IFNA(_xlfn.XLOOKUP(A68,'Price list'!D:D,'Price list'!E:E),0) -> 0 | C68: Kg | H68: =IF(G68=0,"",_xlfn.XLOOKUP(G68,List_item!A:A,List_item!B:B)) | J68: =IF(F68/E$10>0,F68/E$10,I68/E$10) -> 0 | K68: =+B68*(F68+I68) -> 0 | L68: =IFERROR(((K68/SUM($K$11:$K$79))*$F$10)/(F68+I68),0) -> 0 | M68: =+L68*(F68+I68) -> 0 | N68: =IF(L68=0,0,B68-L68) -> 0 | O68: =+K68-M68 -> 0
A69: AU MIX | B69: =_xlfn.IFNA(_xlfn.XLOOKUP(A69,'Price list'!D:D,'Price list'!E:E),0) -> 0 | C69: Kg | H69: =IF(G69=0,"",_xlfn.XLOOKUP(G69,List_item!A:A,List_item!B:B)) | J69: =IF(F69/E$10>0,F69/E$10,I69/E$10) -> 0 | K69: =+B69*(F69+I69) -> 0 | L69: =IFERROR(((K69/SUM($K$11:$K$79))*$F$10)/(F69+I69),0) -> 0 | M69: =+L69*(F69+I69) -> 0 | N69: =IF(L69=0,0,B69-L69) -> 0 | O69: =+K69-M69 -> 0
A70: BLD B | B70: =_xlfn.IFNA(_xlfn.XLOOKUP(A70,'Price list'!D:D,'Price list'!E:E),0) -> 0 | C70: Kg | H70: =IF(G70=0,"",_xlfn.XLOOKUP(G70,List_item!A:A,List_item!B:B)) | J70: =IF(F70/E$10>0,F70/E$10,I70/E$10) -> 0 | K70: =+B70*(F70+I70) -> 0 | L70: =IFERROR(((K70/SUM($K$11:$K$79))*$F$10)/(F70+I70),0) -> 0 | M70: =+L70*(F70+I70) -> 0 | N70: =IF(L70=0,0,B70-L70) -> 0 | O70: =+K70-M70 -> 0
A71: BLD R | B71: =_xlfn.IFNA(_xlfn.XLOOKUP(A71,'Price list'!D:D,'Price list'!E:E),0) -> 0 | C71: Kg | H71: =IF(G71=0,"",_xlfn.XLOOKUP(G71,List_item!A:A,List_item!B:B)) | J71: =IF(F71/E$10>0,F71/E$10,I71/E$10) -> 0 | K71: =+B71*(F71+I71) -> 0 | L71: =IFERROR(((K71/SUM($K$11:$K$79))*$F$10)/(F71+I71),0) -> 0 | M71: =+L71*(F71+I71) -> 0 | N71: =IF(L71=0,0,B71-L71) -> 0 | O71: =+K71-M71 -> 0
A72: BLP B | B72: =_xlfn.IFNA(_xlfn.XLOOKUP(A72,'Price list'!D:D,'Price list'!E:E),0) -> 0 | C72: Kg | H72: =IF(G72=0,"",_xlfn.XLOOKUP(G72,List_item!A:A,List_item!B:B)) | J72: =IF(F72/E$10>0,F72/E$10,I72/E$10) -> 0 | K72: =+B72*(F72+I72) -> 0 | L72: =IFERROR(((K72/SUM($K$11:$K$79))*$F$10)/(F72+I72),0) -> 0 | M72: =+L72*(F72+I72) -> 0 | N72: =IF(L72=0,0,B72-L72) -> 0 | O72: =+K72-M72 -> 0
A73: BLP R | B73: =_xlfn.IFNA(_xlfn.XLOOKUP(A73,'Price list'!D:D,'Price list'!E:E),0) -> 0 | C73: Kg | H73: =IF(G73=0,"",_xlfn.XLOOKUP(G73,List_item!A:A,List_item!B:B)) | J73: =IF(F73/E$10>0,F73/E$10,I73/E$10) -> 0 | K73: =+B73*(F73+I73) -> 0 | L73: =IFERROR(((K73/SUM($K$11:$K$79))*$F$10)/(F73+I73),0) -> 0 | M73: =+L73*(F73+I73) -> 0 | N73: =IF(L73=0,0,B73-L73) -> 0 | O73: =+K73-M73 -> 0
A74: SAYAP R | B74: =_xlfn.IFNA(_xlfn.XLOOKUP(A74,'Price list'!D:D,'Price list'!E:E),0) -> 0 | C74: Kg | H74: =IF(G74=0,"",_xlfn.XLOOKUP(G74,List_item!A:A,List_item!B:B)) | J74: =IF(F74/E$10>0,F74/E$10,I74/E$10) -> 0 | K74: =+B74*(F74+I74) -> 0 | L74: =IFERROR(((K74/SUM($K$11:$K$79))*$F$10)/(F74+I74),0) -> 0 | M74: =+L74*(F74+I74) -> 0 | N74: =IF(L74=0,0,B74-L74) -> 0 | O74: =+K74-M74 -> 0
A75: Ampela Ayam | B75: =_xlfn.IFNA(_xlfn.XLOOKUP(A75,'Price list'!D:D,'Price list'!E:E),0) -> 0 | C75: Kg | H75: =IF(G75=0,"",_xlfn.XLOOKUP(G75,List_item!A:A,List_item!B:B)) | J75: =IF(F75/E$10>0,F75/E$10,I75/E$10) -> 0 | K75: =+B75*(F75+I75) -> 0 | L75: =IFERROR(((K75/SUM($K$11:$K$79))*$F$10)/(F75+I75),0) -> 0 | M75: =+L75*(F75+I75) -> 0 | N75: =IF(L75=0,0,B75-L75) -> 0 | O75: =+K75-M75 -> 0
A76: HATI ayam | B76: =_xlfn.IFNA(_xlfn.XLOOKUP(A76,'Price list'!D:D,'Price list'!E:E),0) -> 0 | C76: Kg | H76: =IF(G76=0,"",_xlfn.XLOOKUP(G76,List_item!A:A,List_item!B:B)) | J76: =IF(F76/E$10>0,F76/E$10,I76/E$10) -> 0 | K76: =+B76*(F76+I76) -> 0 | L76: =IFERROR(((K76/SUM($K$11:$K$79))*$F$10)/(F76+I76),0) -> 0 | M76: =+L76*(F76+I76) -> 0 | N76: =IF(L76=0,0,B76-L76) -> 0 | O76: =+K76-M76 -> 0
A77: Kulit Leher (Trading) | B77: =_xlfn.IFNA(_xlfn.XLOOKUP(A77,'Price list'!D:D,'Price list'!E:E),0) -> 0 | C77: Kg | H77: =IF(G77=0,"",_xlfn.XLOOKUP(G77,List_item!A:A,List_item!B:B)) | J77: =IF(F77/E$10>0,F77/E$10,I77/E$10) -> 0 | K77: =+B77*(F77+I77) -> 0 | L77: =IFERROR(((K77/SUM($K$11:$K$79))*$F$10)/(F77+I77),0) -> 0 | M77: =+L77*(F77+I77) -> 0 | N77: =IF(L77=0,0,B77-L77) -> 0 | O77: =+K77-M77 -> 0
A78: TULANG MUDA | B78: =_xlfn.IFNA(_xlfn.XLOOKUP(A78,'Price list'!D:D,'Price list'!E:E),0) -> 0 | C78: Kg | H78: =IF(G78=0,"",_xlfn.XLOOKUP(G78,List_item!A:A,List_item!B:B)) | J78: =IF(F78/E$10>0,F78/E$10,I78/E$10) -> 0 | K78: =+B78*(F78+I78) -> 0 | L78: =IFERROR(((K78/SUM($K$11:$K$79))*$F$10)/(F78+I78),0) -> 0 | M78: =+L78*(F78+I78) -> 0 | N78: =IF(L78=0,0,B78-L78) -> 0 | O78: =+K78-M78 -> 0
A79: karkas amindo R | B79: =_xlfn.IFNA(_xlfn.XLOOKUP(A79,'Price list'!D:D,'Price list'!E:E),0) -> 0 | C79: Kg | H79: =IF(G79=0,"",_xlfn.XLOOKUP(G79,List_item!A:A,List_item!B:B)) | J79: =IF(F79/E$10>0,F79/E$10,I79/E$10) -> 0 | K79: =+B79*(F79+I79) -> 0 | L79: =IFERROR(((K79/SUM($K$11:$K$79))*$F$10)/(F79+I79),0) -> 0 | M79: =+L79*(F79+I79) -> 0 | N79: =IF(L79=0,0,B79-L79) -> 0 | O79: =+K79-M79 -> 0
A82: Dibuat Oleh, | G82: Diperiksa Oleh,

Sheet Pot_ISA10+Blasting
I1: =+I8/E10 -> 0
A2: Harga Perolehan
A3: Live Bird | B3: =86856420+71978900+85096550 -> 243931870 | C3: =4002.6+3317+3921.5 -> 11241.1 | G3: Supplier | H3: Alberus | I3: =+B3/C3 -> 21700
A4: Biaya Ekspedisi | B4: 24000000 | G4: Tgl. Potong | H4: 46244
A5: Biaya Potong | B5: =16237920+1001920 -> 17239840
A6: Total | B6: =SUM(B3:B5) -> 285171710
K8: Est. GP Margin | L8: =SUM(K11:K65)/M10-1 -> 0.006998906
A9: Produk | B9: Price/Kg | C9: Satuan | E9: SKU Fresh | F9: Non Blasting | G9: No. SKU | H9: Item Name | I9: Qty | J9: Yield | K9: Est. Harga Jual | L9: COGS/Kg | M9: COGS/Item | N9: (Price/Kg - COGS/Kg) | O9: (Est. Harga Jual - COGS/Item) | P9: Notes
E10: =+C3 -> 11241.1 | F10: =+B6 -> 285171710 | I10: =SUM(I11:I79) -> 9497.3 | J10: =SUM(J11:J79) -> 0.84487283 | K10: =+SUM(K11:K79) -> 287167600 | M10: =+SUM(M11:M79) -> 285171710 | O10: =+SUM(O11:O79) -> 1995890
A11: AU 0.3 | B11: =_xlfn.IFNA(_xlfn.XLOOKUP(A11,'Price list'!D:D,'Price list'!E:E),0) -> 0 | C11: Kg | H11: =IF(G11=0,"",_xlfn.XLOOKUP(G11,List_item!A:A,List_item!B:B)) | I11: 0 | J11: =IF(F11/E$10>0,F11/E$10,I11/E$10) -> 0 | K11: =+B11*(F11+I11) -> 0 | L11: =IFERROR(((K11/SUM($K$11:$K$79))*$F$10)/(F11+I11),0) -> 0 | M11: =+L11*(F11+I11) -> 0 | N11: =IF(L11=0,0,B11-L11) -> 0 | O11: =+K11-M11 -> 0
A12: AU 0.4 | B12: =_xlfn.IFNA(_xlfn.XLOOKUP(A12,'Price list'!D:D,'Price list'!E:E),0) -> 0 | C12: Kg | H12: =IF(G12=0,"",_xlfn.XLOOKUP(G12,List_item!A:A,List_item!B:B)) | I12: 0 | J12: =IF(F12/E$10>0,F12/E$10,I12/E$10) -> 0 | K12: =+B12*(F12+I12) -> 0 | L12: =IFERROR(((K12/SUM($K$11:$K$79))*$F$10)/(F12+I12),0) -> 0 | M12: =+L12*(F12+I12) -> 0 | N12: =IF(L12=0,0,B12-L12) -> 0 | O12: =+K12-M12 -> 0
A13: AU 0.5 | B13: =_xlfn.IFNA(_xlfn.XLOOKUP(A13,'Price list'!D:D,'Price list'!E:E),0) -> 36500 | C13: Kg | H13: =IF(G13=0,"",_xlfn.XLOOKUP(G13,List_item!A:A,List_item!B:B)) | I13: 0 | J13: =IF(F13/E$10>0,F13/E$10,I13/E$10) -> 0 | K13: =+B13*(F13+I13) -> 0 | L13: =IFERROR(((K13/SUM($K$11:$K$79))*$F$10)/(F13+I13),0) -> 0 | M13: =+L13*(F13+I13) -> 0 | N13: =IF(L13=0,0,B13-L13) -> 0 | O13: =+K13-M13 -> 0
A14: AU 0.6 | B14: =_xlfn.IFNA(_xlfn.XLOOKUP(A14,'Price list'!D:D,'Price list'!E:E),0) -> 36500 | C14: Kg | G14: JLB1866 | H14: =IF(G14=0,"",_xlfn.XLOOKUP(G14,List_item!A:A,List_item!B:B)) -> Karkas Uk 0.6 Karkas Uk 0.6 Frozen Premium | I14: 26.9 | J14: =IF(F14/E$10>0,F14/E$10,I14/E$10) -> 0.0023930042 | K14: =+B14*(F14+I14) -> 981850 | L14: =IFERROR(((K14/SUM($K$11:$K$79))*$F$10)/(F14+I14),0) -> 36246.315 | M14: =+L14*(F14+I14) -> 975025.89 | N14: =IF(L14=0,0,B14-L14) -> 253.68456 | O14: =+K14-M14 -> 6824.1145
A15: AU 0.7 | B15: =_xlfn.IFNA(_xlfn.XLOOKUP(A15,'Price list'!D:D,'Price list'!E:E),0) -> 36500 | C15: Kg | G15: JLB1867 | H15: =IF(G15=0,"",_xlfn.XLOOKUP(G15,List_item!A:A,List_item!B:B)) -> Karkas Uk 0.7 Karkas Uk 0.7 Frozen Premium | I15: 101.2 | J15: =IF(F15/E$10>0,F15/E$10,I15/E$10) -> 0.0090026777 | K15: =+B15*(F15+I15) -> 3693800 | L15: =IFERROR(((K15/SUM($K$11:$K$79))*$F$10)/(F15+I15),0) -> 36246.315 | M15: =+L15*(F15+I15) -> 3668127.1 | N15: =IF(L15=0,0,B15-L15) -> 253.68456 | O15: =+K15-M15 -> 25672.877
A16: AU 0.8 | B16: =_xlfn.IFNA(_xlfn.XLOOKUP(A16,'Price list'!D:D,'Price list'!E:E),0) -> 36500 | C16: Kg | G16: JLB1859 | H16: =IF(G16=0,"",_xlfn.XLOOKUP(G16,List_item!A:A,List_item!B:B)) -> Karkas Uk 0.8 Frozen Premium | I16: 352.2 | J16: =IF(F16/E$10>0,F16/E$10,I16/E$10) -> 0.031331453 | K16: =+B16*(F16+I16) -> 12855300 | L16: =IFERROR(((K16/SUM($K$11:$K$79))*$F$10)/(F16+I16),0) -> 36246.315 | M16: =+L16*(F16+I16) -> 12765952 | N16: =IF(L16=0,0,B16-L16) -> 253.68456 | O16: =+K16-M16 -> 89347.7
A17: AU 0.9 | B17: =_xlfn.IFNA(_xlfn.XLOOKUP(A17,'Price list'!D:D,'Price list'!E:E),0) -> 36500 | C17: Kg | G17: JLB0593 | H17: =IF(G17=0,"",_xlfn.XLOOKUP(G17,List_item!A:A,List_item!B:B)) -> Karkas Uk 0.9 Karkas Uk 0.9 Fresh Premium | I17: 773.2 | J17: =IF(F17/E$10>0,F17/E$10,I17/E$10) -> 0.068783304 | K17: =+B17*(F17+I17) -> 28221800 | L17: =IFERROR(((K17/SUM($K$11:$K$79))*$F$10)/(F17+I17),0) -> 36246.315 | M17: =+L17*(F17+I17) -> 28025651 | N17: =IF(L17=0,0,B17-L17) -> 253.68456 | O17: =+K17-M17 -> 196148.9
A18: AU 1.0 | B18: =_xlfn.IFNA(_xlfn.XLOOKUP(A18,'Price list'!D:D,'Price list'!E:E),0) -> 36500 | C18: Kg | G18: JLB0658 | H18: =IF(G18=0,"",_xlfn.XLOOKUP(G18,List_item!A:A,List_item!B:B)) -> Karkas Uk 1.0 Karkas Uk 1.0 Fresh Premium | I18: 1692.7 | J18: =IF(F18/E$10>0,F18/E$10,I18/E$10) -> 0.15058135 | K18: =+B18*(F18+I18) -> 61783550 | L18: =IFERROR(((K18/SUM($K$11:$K$79))*$F$10)/(F18+I18),0) -> 36246.315 | M18: =+L18*(F18+I18) -> 61354138 | N18: =IF(L18=0,0,B18-L18) -> 253.68456 | O18: =+K18-M18 -> 429411.85
A19: AU 1.1 | B19: =_xlfn.IFNA(_xlfn.XLOOKUP(A19,'Price list'!D:D,'Price list'!E:E),0) -> 36500 | C19: Kg | G19: JLB0724 | H19: =IF(G19=0,"",_xlfn.XLOOKUP(G19,List_item!A:A,List_item!B:B)) -> Karkas Uk 1.1 Karkas Uk 1.1 Fresh Premium | I19: 1736.8 | J19: =IF(F19/E$10>0,F19/E$10,I19/E$10) -> 0.15450445 | K19: =+B19*(F19+I19) -> 63393200 | L19: =IFERROR(((K19/SUM($K$11:$K$79))*$F$10)/(F19+I19),0) -> 36246.315 | M19: =+L19*(F19+I19) -> 62952601 | N19: =IF(L19=0,0,B19-L19) -> 253.68456 | O19: =+K19-M19 -> 440599.34
A20: AU 1.2 | B20: =_xlfn.IFNA(_xlfn.XLOOKUP(A20,'Price list'!D:D,'Price list'!E:E),0) -> 36500 | C20: Kg | G20: JLB0790 | H20: =IF(G20=0,"",_xlfn.XLOOKUP(G20,List_item!A:A,List_item!B:B)) -> Karkas Uk 1.2 Karkas Uk 1.2 Fresh Premium | I20: 1438.2 | J20: =IF(F20/E$10>0,F20/E$10,I20/E$10) -> 0.12794122 | K20: =+B20*(F20+I20) -> 52494300 | L20: =IFERROR(((K20/SUM($K$11:$K$79))*$F$10)/(F20+I20),0) -> 36246.315 | M20: =+L20*(F20+I20) -> 52129451 | N20: =IF(L20=0,0,B20-L20) -> 253.68456 | O20: =+K20-M20 -> 364849.13
A21: AU 1.3 | B21: =_xlfn.IFNA(_xlfn.XLOOKUP(A21,'Price list'!D:D,'Price list'!E:E),0) -> 36500 | C21: Kg | G21: JLB0856 | H21: =IF(G21=0,"",_xlfn.XLOOKUP(G21,List_item!A:A,List_item!B:B)) -> Karkas Uk 1.3 Karkas Uk 1.3 Fresh Premium | I21: 544.5 | J21: =IF(F21/E$10>0,F21/E$10,I21/E$10) -> 0.04843832 | K21: =+B21*(F21+I21) -> 19874250 | L21: =IFERROR(((K21/SUM($K$11:$K$79))*$F$10)/(F21+I21),0) -> 36246.315 | M21: =+L21*(F21+I21) -> 19736119 | N21: =IF(L21=0,0,B21-L21) -> 253.68456 | O21: =+K21-M21 -> 138131.24
A22: AU 1.4 | B22: =_xlfn.IFNA(_xlfn.XLOOKUP(A22,'Price list'!D:D,'Price list'!E:E),0) -> 36500 | C22: Kg | G22: JLB0922 | H22: =IF(G22=0,"",_xlfn.XLOOKUP(G22,List_item!A:A,List_item!B:B)) -> Karkas Uk 1.4 Karkas Uk 1.4 Fresh Premium | I22: 72.3 | J22: =IF(F22/E$10>0,F22/E$10,I22/E$10) -> 0.0064317549 | K22: =+B22*(F22+I22) -> 2638950 | L22: =IFERROR(((K22/SUM($K$11:$K$79))*$F$10)/(F22+I22),0) -> 36246.315 | M22: =+L22*(F22+I22) -> 2620608.6 | N22: =IF(L22=0,0,B22-L22) -> 253.68456 | O22: =+K22-M22 -> 18341.393
A23: AU 1.5 | B23: =_xlfn.IFNA(_xlfn.XLOOKUP(A23,'Price list'!D:D,'Price list'!E:E),0) -> 36500 | C23: Kg | H23: =IF(G23=0,"",_xlfn.XLOOKUP(G23,List_item!A:A,List_item!B:B)) | I23: 0 | J23: =IF(F23/E$10>0,F23/E$10,I23/E$10) -> 0 | K23: =+B23*(F23+I23) -> 0 | L23: =IFERROR(((K23/SUM($K$11:$K$79))*$F$10)/(F23+I23),0) -> 0 | M23: =+L23*(F23+I23) -> 0 | N23: =IF(L23=0,0,B23-L23) -> 0 | O23: =+K23-M23 -> 0
A24: AU 1.6 | B24: =_xlfn.IFNA(_xlfn.XLOOKUP(A24,'Price list'!D:D,'Price list'!E:E),0) -> 36500 | C24: Kg | H24: =IF(G24=0,"",_xlfn.XLOOKUP(G24,List_item!A:A,List_item!B:B)) | I24: 0 | J24: =IF(F24/E$10>0,F24/E$10,I24/E$10) -> 0 | K24: =+B24*(F24+I24) -> 0 | L24: =IFERROR(((K24/SUM($K$11:$K$79))*$F$10)/(F24+I24),0) -> 0 | M24: =+L24*(F24+I24) -> 0 | N24: =IF(L24=0,0,B24-L24) -> 0 | O24: =+K24-M24 -> 0
A25: AU 1.7 | B25: =_xlfn.IFNA(_xlfn.XLOOKUP(A25,'Price list'!D:D,'Price list'!E:E),0) -> 36500 | C25: Kg | H25: =IF(G25=0,"",_xlfn.XLOOKUP(G25,List_item!A:A,List_item!B:B)) | I25: 0 | J25: =IF(F25/E$10>0,F25/E$10,I25/E$10) -> 0 | K25: =+B25*(F25+I25) -> 0 | L25: =IFERROR(((K25/SUM($K$11:$K$79))*$F$10)/(F25+I25),0) -> 0 | M25: =+L25*(F25+I25) -> 0 | N25: =IF(L25=0,0,B25-L25) -> 0 | O25: =+K25-M25 -> 0
A26: AU 1.8 | B26: =_xlfn.IFNA(_xlfn.XLOOKUP(A26,'Price list'!D:D,'Price list'!E:E),0) -> 36500 | C26: Kg | H26: =IF(G26=0,"",_xlfn.XLOOKUP(G26,List_item!A:A,List_item!B:B)) | I26: 0 | J26: =IF(F26/E$10>0,F26/E$10,I26/E$10) -> 0 | K26: =+B26*(F26+I26) -> 0 | L26: =IFERROR(((K26/SUM($K$11:$K$79))*$F$10)/(F26+I26),0) -> 0 | M26: =+L26*(F26+I26) -> 0 | N26: =IF(L26=0,0,B26-L26) -> 0 | O26: =+K26-M26 -> 0
A27: AU 1.9 | B27: =_xlfn.IFNA(_xlfn.XLOOKUP(A27,'Price list'!D:D,'Price list'!E:E),0) -> 36500 | C27: Kg | H27: =IF(G27=0,"",_xlfn.XLOOKUP(G27,List_item!A:A,List_item!B:B)) | I27: 0 | J27: =IF(F27/E$10>0,F27/E$10,I27/E$10) -> 0 | K27: =+B27*(F27+I27) -> 0 | L27: =IFERROR(((K27/SUM($K$11:$K$79))*$F$10)/(F27+I27),0) -> 0 | M27: =+L27*(F27+I27) -> 0 | N27: =IF(L27=0,0,B27-L27) -> 0 | O27: =+K27-M27 -> 0
A28: AU 2.0 | B28: =_xlfn.IFNA(_xlfn.XLOOKUP(A28,'Price list'!D:D,'Price list'!E:E),0) -> 36500 | C28: Kg | H28: =IF(G28=0,"",_xlfn.XLOOKUP(G28,List_item!A:A,List_item!B:B)) | I28: 0 | J28: =IF(F28/E$10>0,F28/E$10,I28/E$10) -> 0 | K28: =+B28*(F28+I28) -> 0 | L28: =IFERROR(((K28/SUM($K$11:$K$79))*$F$10)/(F28+I28),0) -> 0 | M28: =+L28*(F28+I28) -> 0 | N28: =IF(L28=0,0,B28-L28) -> 0 | O28: =+K28-M28 -> 0
A29: AU UP | B29: =_xlfn.IFNA(_xlfn.XLOOKUP(A29,'Price list'!D:D,'Price list'!E:E),0) -> 0 | C29: Kg | H29: =IF(G29=0,"",_xlfn.XLOOKUP(G29,List_item!A:A,List_item!B:B)) | I29: 0 | J29: =IF(F29/E$10>0,F29/E$10,I29/E$10) -> 0 | K29: =+B29*(F29+I29) -> 0 | L29: =IFERROR(((K29/SUM($K$11:$K$79))*$F$10)/(F29+I29),0) -> 0 | M29: =+L29*(F29+I29) -> 0 | N29: =IF(L29=0,0,B29-L29) -> 0 | O29: =+K29-M29 -> 0
A30: BLD | B30: =_xlfn.IFNA(_xlfn.XLOOKUP(A30,'Price list'!D:D,'Price list'!E:E),0) -> 50000 | C30: Kg | H30: =IF(G30=0,"",_xlfn.XLOOKUP(G30,List_item!A:A,List_item!B:B)) | I30: 0 | J30: =IF(F30/E$10>0,F30/E$10,I30/E$10) -> 0 | K30: =+B30*(F30+I30) -> 0 | L30: =IFERROR(((K30/SUM($K$11:$K$79))*$F$10)/(F30+I30),0) -> 0 | M30: =+L30*(F30+I30) -> 0 | N30: =IF(L30=0,0,B30-L30) -> 0 | O30: =+K30-M30 -> 0
A31: BLPK | B31: =_xlfn.IFNA(_xlfn.XLOOKUP(A31,'Price list'!D:D,'Price list'!E:E),0) -> 48000 | C31: Kg | H31: =IF(G31=0,"",_xlfn.XLOOKUP(G31,List_item!A:A,List_item!B:B)) | I31: 0 | J31: =IF(F31/E$10>0,F31/E$10,I31/E$10) -> 0 | K31: =+B31*(F31+I31) -> 0 | L31: =IFERROR(((K31/SUM($K$11:$K$79))*$F$10)/(F31+I31),0) -> 0 | M31: =+L31*(F31+I31) -> 0 | N31: =IF(L31=0,0,B31-L31) -> 0 | O31: =+K31-M31 -> 0
A32: BLP | B32: =_xlfn.IFNA(_xlfn.XLOOKUP(A32,'Price list'!D:D,'Price list'!E:E),0) -> 49000 | C32: Kg | H32: =IF(G32=0,"",_xlfn.XLOOKUP(G32,List_item!A:A,List_item!B:B)) | I32: 0 | J32: =IF(F32/E$10>0,F32/E$10,I32/E$10) -> 0 | K32: =+B32*(F32+I32) -> 0 | L32: =IFERROR(((K32/SUM($K$11:$K$79))*$F$10)/(F32+I32),0) -> 0 | M32: =+L32*(F32+I32) -> 0 | N32: =IF(L32=0,0,B32-L32) -> 0 | O32: =+K32-M32 -> 0
A33: Krk | B33: =_xlfn.IFNA(_xlfn.XLOOKUP(A33,'Price list'!D:D,'Price list'!E:E),0) -> 5500 | C33: Kg | H33: =IF(G33=0,"",_xlfn.XLOOKUP(G33,List_item!A:A,List_item!B:B)) | I33: 0 | J33: =IF(F33/E$10>0,F33/E$10,I33/E$10) -> 0 | K33: =+B33*(F33+I33) -> 0 | L33: =IFERROR(((K33/SUM($K$11:$K$79))*$F$10)/(F33+I33),0) -> 0 | M33: =+L33*(F33+I33) -> 0 | N33: =IF(L33=0,0,B33-L33) -> 0 | O33: =+K33-M33 -> 0
A34: kulit | B34: =_xlfn.IFNA(_xlfn.XLOOKUP(A34,'Price list'!D:D,'Price list'!E:E),0) -> 20000 | C34: Kg | H34: =IF(G34=0,"",_xlfn.XLOOKUP(G34,List_item!A:A,List_item!B:B)) | I34: 0 | J34: =IF(F34/E$10>0,F34/E$10,I34/E$10) -> 0 | K34: =+B34*(F34+I34) -> 0 | L34: =IFERROR(((K34/SUM($K$11:$K$79))*$F$10)/(F34+I34),0) -> 0 | M34: =+L34*(F34+I34) -> 0 | N34: =IF(L34=0,0,B34-L34) -> 0 | O34: =+K34-M34 -> 0
... A38: Paha Bawah | B38: =_xlfn.IFNA(_xlfn.XLOOKUP(A38,'Price list'!D:D,'Price list'!E:E),0) -> 38000 | C38: Kg | H38: =IF(G38=0,"",_xlfn.XLOOKUP(G38,List_item!A:A,List_item!B:B)) | I38: 0 | J38: =IF(F38/E$10>0,F38/E$10,I38/E$10) -> 0 | K38: =+B38*(F38+I38) -> 0 | L38: =IFERROR(((K38/SUM($K$11:$K$79))*$F$10)/(F38+I38),0) -> 0 | M38: =+L38*(F38+I38) -> 0 | N38: =IF(L38=0,0,B38-L38) -> 0 | O38: =+K38-M38 -> 0
A39: Lemak | B39: =_xlfn.IFNA(_xlfn.XLOOKUP(A39,'Price list'!D:D,'Price list'!E:E),0) -> 18000 | C39: Kg | G39: JLB0118 | H39: =IF(G39=0,"",_xlfn.XLOOKUP(G39,List_item!A:A,List_item!B:B)) -> Boneless BL Fresh Lemak | I39: 31.4 | J39: =IF(F39/E$10>0,F39/E$10,I39/E$10) -> 0.0027933209 | K39: =+B39*(F39+I39) -> 565200 | L39: =IFERROR(((K39/SUM($K$11:$K$79))*$F$10)/(F39+I39),0) -> 17874.895 | M39: =+L39*(F39+I39) -> 561271.71 | N39: =IF(L39=0,0,B39-L39) -> 125.10471 | O39: =+K39-M39 -> 3928.288
A40: Kepala | B40: =_xlfn.IFNA(_xlfn.XLOOKUP(A40,'Price list'!D:D,'Price list'!E:E),0) -> 8000 | G40: JLB0092 | H40: =IF(G40=0,"",_xlfn.XLOOKUP(G40,List_item!A:A,List_item!B:B)) -> Boneless BL Fresh Kepala | I40: 518.8 | J40: =IF(F40/E$10>0,F40/E$10,I40/E$10) -> 0.046152067 | K40: =+B40*(F40+I40) -> 4150400 | L40: =IFERROR(((K40/SUM($K$11:$K$79))*$F$10)/(F40+I40),0) -> 7944.3979 | M40: =+L40*(F40+I40) -> 4121553.6 | N40: =IF(L40=0,0,B40-L40) -> 55.602094 | O40: =+K40-M40 -> 28846.367
A41: Ceker | B41: =_xlfn.IFNA(_xlfn.XLOOKUP(A41,'Price list'!D:D,'Price list'!E:E),0) -> 10000 | C41: Kg | G41: JLB0078 | H41: =IF(G41=0,"",_xlfn.XLOOKUP(G41,List_item!A:A,List_item!B:B)) -> Boneless BL Fresh Ceker | I41: 329.3 | J41: =IF(F41/E$10>0,F41/E$10,I41/E$10) -> 0.029294286 | K41: =+B41*(F41+I41) -> 3293000 | L41: =IFERROR(((K41/SUM($K$11:$K$79))*$F$10)/(F41+I41),0) -> 9930.4974 | M41: =+L41*(F41+I41) -> 3270112.8 | N41: =IF(L41=0,0,B41-L41) -> 69.502618 | O41: =+K41-M41 -> 22887.212
A42: HJA | B42: =_xlfn.IFNA(_xlfn.XLOOKUP(A42,'Price list'!D:D,'Price list'!E:E),0) -> 4000 | C42: Kg | H42: =IF(G42=0,"",_xlfn.XLOOKUP(G42,List_item!A:A,List_item!B:B)) | I42: 0 | J42: =IF(F42/E$10>0,F42/E$10,I42/E$10) -> 0 | K42: =+B42*(F42+I42) -> 0 | L42: =IFERROR(((K42/SUM($K$11:$K$79))*$F$10)/(F42+I42),0) -> 0 | M42: =+L42*(F42+I42) -> 0 | N42: =IF(L42=0,0,B42-L42) -> 0 | O42: =+K42-M42 -> 0
A43: Usus | B43: =_xlfn.IFNA(_xlfn.XLOOKUP(A43,'Price list'!D:D,'Price list'!E:E),0) -> 5000 | C43: Kg | G43: JLB0135 | H43: =IF(G43=0,"",_xlfn.XLOOKUP(G43,List_item!A:A,List_item!B:B)) -> Boneless BL Fresh Usus Kotor | I43: 495 | J43: =IF(F43/E$10>0,F43/E$10,I43/E$10) -> 0.044034836 | K43: =+B43*(F43+I43) -> 2475000 | L43: =IFERROR(((K43/SUM($K$11:$K$79))*$F$10)/(F43+I43),0) -> 4965.2487 | M43: =+L43*(F43+I43) -> 2457798.1 | N43: =IF(L43=0,0,B43-L43) -> 34.751309 | O43: =+K43-M43 -> 17201.898
A44: Tungir | B44: =_xlfn.IFNA(_xlfn.XLOOKUP(A44,'Price list'!D:D,'Price list'!E:E),0) -> 16000 | C44: Kg | H44: =IF(G44=0,"",_xlfn.XLOOKUP(G44,List_item!A:A,List_item!B:B)) | I44: 0 | J44: =IF(F44/E$10>0,F44/E$10,I44/E$10) -> 0 | K44: =+B44*(F44+I44) -> 0 | L44: =IFERROR(((K44/SUM($K$11:$K$79))*$F$10)/(F44+I44),0) -> 0 | M44: =+L44*(F44+I44) -> 0 | N44: =IF(L44=0,0,B44-L44) -> 0 | O44: =+K44-M44 -> 0
A45: Jantung | B45: =_xlfn.IFNA(_xlfn.XLOOKUP(A45,'Price list'!D:D,'Price list'!E:E),0) -> 10000 | C45: Kg | H45: =IF(G45=0,"",_xlfn.XLOOKUP(G45,List_item!A:A,List_item!B:B)) | I45: 0 | J45: =IF(F45/E$10>0,F45/E$10,I45/E$10) -> 0 | K45: =+B45*(F45+I45) -> 0 | L45: =IFERROR(((K45/SUM($K$11:$K$79))*$F$10)/(F45+I45),0) -> 0 | M45: =+L45*(F45+I45) -> 0 | N45: =IF(L45=0,0,B45-L45) -> 0 | O45: =+K45-M45 -> 0
A46: Ceker B | B46: =_xlfn.IFNA(_xlfn.XLOOKUP(A46,'Price list'!D:D,'Price list'!E:E),0) -> 5000 | C46: Kg | H46: =IF(G46=0,"",_xlfn.XLOOKUP(G46,List_item!A:A,List_item!B:B)) | I46: 0 | J46: =IF(F46/E$10>0,F46/E$10,I46/E$10) -> 0 | K46: =+B46*(F46+I46) -> 0 | L46: =IFERROR(((K46/SUM($K$11:$K$79))*$F$10)/(F46+I46),0) -> 0 | M46: =+L46*(F46+I46) -> 0 | N46: =IF(L46=0,0,B46-L46) -> 0 | O46: =+K46-M46 -> 0
A47: Giblet | B47: =_xlfn.IFNA(_xlfn.XLOOKUP(A47,'Price list'!D:D,'Price list'!E:E),0) -> 5000 | C47: Kg | G47: JLB0080 | H47: =IF(G47=0,"",_xlfn.XLOOKUP(G47,List_item!A:A,List_item!B:B)) -> Boneless BL Fresh HJA | I47: 590.7 | J47: =IF(F47/E$10>0,F47/E$10,I47/E$10) -> 0.052548238 | K47: =+B47*(F47+I47) -> 2953500 | L47: =IFERROR(((K47/SUM($K$11:$K$79))*$F$10)/(F47+I47),0) -> 4965.2487 | M47: =+L47*(F47+I47) -> 2932972.4 | N47: =IF(L47=0,0,B47-L47) -> 34.751309 | O47: =+K47-M47 -> 20527.598
A48: BLD Grade D | B48: =_xlfn.IFNA(_xlfn.XLOOKUP(A48,'Price list'!D:D,'Price list'!E:E),0) -> 45000 | C48: Kg | H48: =IF(G48=0,"",_xlfn.XLOOKUP(G48,List_item!A:A,List_item!B:B)) | I48: 0 | J48: =IF(F48/E$10>0,F48/E$10,I48/E$10) -> 0 | K48: =+B48*(F48+I48) -> 0 | L48: =IFERROR(((K48/SUM($K$11:$K$79))*$F$10)/(F48+I48),0) -> 0 | M48: =+L48*(F48+I48) -> 0 | N48: =IF(L48=0,0,B48-L48) -> 0 | O48: =+K48-M48 -> 0
A49: BLP Grade D | B49: =_xlfn.IFNA(_xlfn.XLOOKUP(A49,'Price list'!D:D,'Price list'!E:E),0) -> 44000 | C49: Kg | H49: =IF(G49=0,"",_xlfn.XLOOKUP(G49,List_item!A:A,List_item!B:B)) | I49: 0 | J49: =IF(F49/E$10>0,F49/E$10,I49/E$10) -> 0 | K49: =+B49*(F49+I49) -> 0 | L49: =IFERROR(((K49/SUM($K$11:$K$79))*$F$10)/(F49+I49),0) -> 0 | M49: =+L49*(F49+I49) -> 0 | N49: =IF(L49=0,0,B49-L49) -> 0 | O49: =+K49-M49 -> 0
A50: AU 0.3 Grade A | B50: =_xlfn.IFNA(_xlfn.XLOOKUP(A50,'Price list'!D:D,'Price list'!E:E),0) -> 0 | C50: Kg | H50: =IF(G50=0,"",_xlfn.XLOOKUP(G50,List_item!A:A,List_item!B:B)) | I50: 0 | J50: =IF(F50/E$10>0,F50/E$10,I50/E$10) -> 0 | K50: =+B50*(F50+I50) -> 0 | L50: =IFERROR(((K50/SUM($K$11:$K$79))*$F$10)/(F50+I50),0) -> 0 | M50: =+L50*(F50+I50) -> 0 | N50: =IF(L50=0,0,B50-L50) -> 0 | O50: =+K50-M50 -> 0
A51: AU 0.4 Grade A | B51: =_xlfn.IFNA(_xlfn.XLOOKUP(A51,'Price list'!D:D,'Price list'!E:E),0) -> 35000 | C51: Kg | H51: =IF(G51=0,"",_xlfn.XLOOKUP(G51,List_item!A:A,List_item!B:B)) | I51: 0 | J51: =IF(F51/E$10>0,F51/E$10,I51/E$10) -> 0 | K51: =+B51*(F51+I51) -> 0 | L51: =IFERROR(((K51/SUM($K$11:$K$79))*$F$10)/(F51+I51),0) -> 0 | M51: =+L51*(F51+I51) -> 0 | N51: =IF(L51=0,0,B51-L51) -> 0 | O51: =+K51-M51 -> 0
A52: AU 0.5 Grade A | B52: =_xlfn.IFNA(_xlfn.XLOOKUP(A52,'Price list'!D:D,'Price list'!E:E),0) -> 35000 | C52: Kg | H52: =IF(G52=0,"",_xlfn.XLOOKUP(G52,List_item!A:A,List_item!B:B)) | I52: 0 | J52: =IF(F52/E$10>0,F52/E$10,I52/E$10) -> 0 | K52: =+B52*(F52+I52) -> 0 | L52: =IFERROR(((K52/SUM($K$11:$K$79))*$F$10)/(F52+I52),0) -> 0 | M52: =+L52*(F52+I52) -> 0 | N52: =IF(L52=0,0,B52-L52) -> 0 | O52: =+K52-M52 -> 0
A53: AU 0.6 Grade A | B53: =_xlfn.IFNA(_xlfn.XLOOKUP(A53,'Price list'!D:D,'Price list'!E:E),0) -> 35000 | C53: Kg | G53: JLB0403 | H53: =IF(G53=0,"",_xlfn.XLOOKUP(G53,List_item!A:A,List_item!B:B)) -> Karkas Uk 0.6 Karkas Uk 0.6 Frozen Grade A | I53: 8.5 | J53: =IF(F53/E$10>0,F53/E$10,I53/E$10) -> 0.00075615376 | K53: =+B53*(F53+I53) -> 297500 | L53: =IFERROR(((K53/SUM($K$11:$K$79))*$F$10)/(F53+I53),0) -> 34756.741 | M53: =+L53*(F53+I53) -> 295432.3 | N53: =IF(L53=0,0,B53-L53) -> 243.25916 | O53: =+K53-M53 -> 2067.7029
A54: AU 0.7 Grade A | B54: =_xlfn.IFNA(_xlfn.XLOOKUP(A54,'Price list'!D:D,'Price list'!E:E),0) -> 35000 | C54: Kg | G54: JLB0468 | H54: =IF(G54=0,"",_xlfn.XLOOKUP(G54,List_item!A:A,List_item!B:B)) -> Karkas Uk 0.7 Karkas Uk 0.7 Frozen Grade A | I54: 37.6 | J54: =IF(F54/E$10>0,F54/E$10,I54/E$10) -> 0.0033448684 | K54: =+B54*(F54+I54) -> 1316000 | L54: =IFERROR(((K54/SUM($K$11:$K$79))*$F$10)/(F54+I54),0) -> 34756.741 | M54: =+L54*(F54+I54) -> 1306853.5 | N54: =IF(L54=0,0,B54-L54) -> 243.25916 | O54: =+K54-M54 -> 9146.5445
A55: AU 0.8 Grade A | B55: =_xlfn.IFNA(_xlfn.XLOOKUP(A55,'Price list'!D:D,'Price list'!E:E),0) -> 35000 | C55: Kg | G55: JLB0533 | H55: =IF(G55=0,"",_xlfn.XLOOKUP(G55,List_item!A:A,List_item!B:B)) -> Karkas Uk 0.8 Karkas Uk 0.8 Frozen Grade A | I55: 63 | J55: =IF(F55/E$10>0,F55/E$10,I55/E$10) -> 0.0056044337 | K55: =+B55*(F55+I55) -> 2205000 | L55: =IFERROR(((K55/SUM($K$11:$K$79))*$F$10)/(F55+I55),0) -> 34756.741 | M55: =+L55*(F55+I55) -> 2189674.7 | N55: =IF(L55=0,0,B55-L55) -> 243.25916 | O55: =+K55-M55 -> 15325.327
A56: AU 0.9 Grade A | B56: =_xlfn.IFNA(_xlfn.XLOOKUP(A56,'Price list'!D:D,'Price list'!E:E),0) -> 35000 | C56: Kg | G56: JLB0598 | H56: =IF(G56=0,"",_xlfn.XLOOKUP(G56,List_item!A:A,List_item!B:B)) -> Karkas Uk 0.9 Karkas Uk 0.9 Frozen Grade A | I56: 147.9 | J56: =IF(F56/E$10>0,F56/E$10,I56/E$10) -> 0.013157075 | K56: =+B56*(F56+I56) -> 5176500 | L56: =IFERROR(((K56/SUM($K$11:$K$79))*$F$10)/(F56+I56),0) -> 34756.741 | M56: =+L56*(F56+I56) -> 5140522 | N56: =IF(L56=0,0,B56-L56) -> 243.25916 | O56: =+K56-M56 -> 35978.03
A57: AU 1.0 Grade A | B57: =_xlfn.IFNA(_xlfn.XLOOKUP(A57,'Price list'!D:D,'Price list'!E:E),0) -> 35000 | C57: Kg | G57: JLB0663 | H57: =IF(G57=0,"",_xlfn.XLOOKUP(G57,List_item!A:A,List_item!B:B)) -> Karkas Uk 1.0 Karkas Uk 1.0 Frozen Grade A | I57: 207.3 | J57: =IF(F57/E$10>0,F57/E$10,I57/E$10) -> 0.018441256 | K57: =+B57*(F57+I57) -> 7255500 | L57: =IFERROR(((K57/SUM($K$11:$K$79))*$F$10)/(F57+I57),0) -> 34756.741 | M57: =+L57*(F57+I57) -> 7205072.4 | N57: =IF(L57=0,0,B57-L57) -> 243.25916 | O57: =+K57-M57 -> 50427.624
A58: AU 1.1 Grade A | B58: =_xlfn.IFNA(_xlfn.XLOOKUP(A58,'Price list'!D:D,'Price list'!E:E),0) -> 35000 | C58: Kg | G58: JLB0729 | H58: =IF(G58=0,"",_xlfn.XLOOKUP(G58,List_item!A:A,List_item!B:B)) -> Karkas Uk 1.1 Karkas Uk 1.1 Frozen Grade A | I58: 161 | J58: =IF(F58/E$10>0,F58/E$10,I58/E$10) -> 0.014322442 | K58: =+B58*(F58+I58) -> 5635000 | L58: =IFERROR(((K58/SUM($K$11:$K$79))*$F$10)/(F58+I58),0) -> 34756.741 | M58: =+L58*(F58+I58) -> 5595835.3 | N58: =IF(L58=0,0,B58-L58) -> 243.25916 | O58: =+K58-M58 -> 39164.725
A59: AU 1.2 Grade A | B59: =_xlfn.IFNA(_xlfn.XLOOKUP(A59,'Price list'!D:D,'Price list'!E:E),0) -> 35000 | C59: Kg | G59: JLB0795 | H59: =IF(G59=0,"",_xlfn.XLOOKUP(G59,List_item!A:A,List_item!B:B)) -> Karkas Uk 1.2 Karkas Uk 1.2 Frozen Grade A | I59: 117.5 | J59: =IF(F59/E$10>0,F59/E$10,I59/E$10) -> 0.010452714 | K59: =+B59*(F59+I59) -> 4112500 | L59: =IFERROR(((K59/SUM($K$11:$K$79))*$F$10)/(F59+I59),0) -> 34756.741 | M59: =+L59*(F59+I59) -> 4083917 | N59: =IF(L59=0,0,B59-L59) -> 243.25916 | O59: =+K59-M59 -> 28582.952
A60: AU 1.3 Grade A | B60: =_xlfn.IFNA(_xlfn.XLOOKUP(A60,'Price list'!D:D,'Price list'!E:E),0) -> 35000 | C60: Kg | G60: JLB0861 | H60: =IF(G60=0,"",_xlfn.XLOOKUP(G60,List_item!A:A,List_item!B:B)) -> Karkas Uk 1.3 Karkas Uk 1.3 Frozen Grade A | I60: 51.3 | J60: =IF(F60/E$10>0,F60/E$10,I60/E$10) -> 0.0045636103 | K60: =+B60*(F60+I60) -> 1795500 | L60: =IFERROR(((K60/SUM($K$11:$K$79))*$F$10)/(F60+I60),0) -> 34756.741 | M60: =+L60*(F60+I60) -> 1783020.8 | N60: =IF(L60=0,0,B60-L60) -> 243.25916 | O60: =+K60-M60 -> 12479.195
A61: AU 1.4 Grade A | B61: =_xlfn.IFNA(_xlfn.XLOOKUP(A61,'Price list'!D:D,'Price list'!E:E),0) -> 35000 | C61: Kg | H61: =IF(G61=0,"",_xlfn.XLOOKUP(G61,List_item!A:A,List_item!B:B)) | I61: 0 | J61: =IF(F61/E$10>0,F61/E$10,I61/E$10) -> 0 | K61: =+B61*(F61+I61) -> 0 | L61: =IFERROR(((K61/SUM($K$11:$K$79))*$F$10)/(F61+I61),0) -> 0 | M61: =+L61*(F61+I61) -> 0 | N61: =IF(L61=0,0,B61-L61) -> 0 | O61: =+K61-M61 -> 0
A62: AU 1.5 Grade A | B62: =_xlfn.IFNA(_xlfn.XLOOKUP(A62,'Price list'!D:D,'Price list'!E:E),0) -> 35000 | C62: Kg | H62: =IF(G62=0,"",_xlfn.XLOOKUP(G62,List_item!A:A,List_item!B:B)) | I62: 0 | J62: =IF(F62/E$10>0,F62/E$10,I62/E$10) -> 0 | K62: =+B62*(F62+I62) -> 0 | L62: =IFERROR(((K62/SUM($K$11:$K$79))*$F$10)/(F62+I62),0) -> 0 | M62: =+L62*(F62+I62) -> 0 | N62: =IF(L62=0,0,B62-L62) -> 0 | O62: =+K62-M62 -> 0
A63: AU 1.6 Grade A | B63: =_xlfn.IFNA(_xlfn.XLOOKUP(A63,'Price list'!D:D,'Price list'!E:E),0) -> 35000 | C63: Kg | H63: =IF(G63=0,"",_xlfn.XLOOKUP(G63,List_item!A:A,List_item!B:B)) | I63: 0 | J63: =IF(F63/E$10>0,F63/E$10,I63/E$10) -> 0 | K63: =+B63*(F63+I63) -> 0 | L63: =IFERROR(((K63/SUM($K$11:$K$79))*$F$10)/(F63+I63),0) -> 0 | M63: =+L63*(F63+I63) -> 0 | N63: =IF(L63=0,0,B63-L63) -> 0 | O63: =+K63-M63 -> 0
A64: AU 1.7 Grade A | B64: =_xlfn.IFNA(_xlfn.XLOOKUP(A64,'Price list'!D:D,'Price list'!E:E),0) -> 35000 | C64: Kg | H64: =IF(G64=0,"",_xlfn.XLOOKUP(G64,List_item!A:A,List_item!B:B)) | I64: 0 | J64: =IF(F64/E$10>0,F64/E$10,I64/E$10) -> 0 | K64: =+B64*(F64+I64) -> 0 | L64: =IFERROR(((K64/SUM($K$11:$K$79))*$F$10)/(F64+I64),0) -> 0 | M64: =+L64*(F64+I64) -> 0 | N64: =IF(L64=0,0,B64-L64) -> 0 | O64: =+K64-M64 -> 0
A65: AU 1. Grade A | B65: =_xlfn.IFNA(_xlfn.XLOOKUP(A65,'Price list'!D:D,'Price list'!E:E),0) -> 0 | C65: Kg | H65: =IF(G65=0,"",_xlfn.XLOOKUP(G65,List_item!A:A,List_item!B:B)) | I65: 0 | J65: =IF(F65/E$10>0,F65/E$10,I65/E$10) -> 0 | K65: =+B65*(F65+I65) -> 0 | L65: =IFERROR(((K65/SUM($K$11:$K$79))*$F$10)/(F65+I65),0) -> 0 | M65: =+L65*(F65+I65) -> 0 | N65: =IF(L65=0,0,B65-L65) -> 0 | O65: =+K65-M65 -> 0
A66: AU 1.9 Grade A | B66: =_xlfn.IFNA(_xlfn.XLOOKUP(A66,'Price list'!D:D,'Price list'!E:E),0) -> 35000 | C66: Kg | H66: =IF(G66=0,"",_xlfn.XLOOKUP(G66,List_item!A:A,List_item!B:B)) | I66: 0 | J66: =IF(F66/E$10>0,F66/E$10,I66/E$10) -> 0 | K66: =+B66*(F66+I66) -> 0 | L66: =IFERROR(((K66/SUM($K$11:$K$79))*$F$10)/(F66+I66),0) -> 0 | M66: =+L66*(F66+I66) -> 0 | N66: =IF(L66=0,0,B66-L66) -> 0 | O66: =+K66-M66 -> 0
A67: AU 2.0 Grade A | B67: =_xlfn.IFNA(_xlfn.XLOOKUP(A67,'Price list'!D:D,'Price list'!E:E),0) -> 35000 | C67: Kg | H67: =IF(G67=0,"",_xlfn.XLOOKUP(G67,List_item!A:A,List_item!B:B)) | I67: 0 | J67: =IF(F67/E$10>0,F67/E$10,I67/E$10) -> 0 | K67: =+B67*(F67+I67) -> 0 | L67: =IFERROR(((K67/SUM($K$11:$K$79))*$F$10)/(F67+I67),0) -> 0 | M67: =+L67*(F67+I67) -> 0 | N67: =IF(L67=0,0,B67-L67) -> 0 | O67: =+K67-M67 -> 0
A68: AU 1.45 Grade A | B68: =_xlfn.IFNA(_xlfn.XLOOKUP(A68,'Price list'!D:D,'Price list'!E:E),0) -> 0 | C68: Kg | H68: =IF(G68=0,"",_xlfn.XLOOKUP(G68,List_item!A:A,List_item!B:B)) | I68: 0 | J68: =IF(F68/E$10>0,F68/E$10,I68/E$10) -> 0 | K68: =+B68*(F68+I68) -> 0 | L68: =IFERROR(((K68/SUM($K$11:$K$79))*$F$10)/(F68+I68),0) -> 0 | M68: =+L68*(F68+I68) -> 0 | N68: =IF(L68=0,0,B68-L68) -> 0 | O68: =+K68-M68 -> 0
A69: AU MIX | B69: =_xlfn.IFNA(_xlfn.XLOOKUP(A69,'Price list'!D:D,'Price list'!E:E),0) -> 0 | C69: Kg | H69: =IF(G69=0,"",_xlfn.XLOOKUP(G69,List_item!A:A,List_item!B:B)) | I69: 0 | J69: =IF(F69/E$10>0,F69/E$10,I69/E$10) -> 0 | K69: =+B69*(F69+I69) -> 0 | L69: =IFERROR(((K69/SUM($K$11:$K$79))*$F$10)/(F69+I69),0) -> 0 | M69: =+L69*(F69+I69) -> 0 | N69: =IF(L69=0,0,B69-L69) -> 0 | O69: =+K69-M69 -> 0
A70: BLD B | B70: =_xlfn.IFNA(_xlfn.XLOOKUP(A70,'Price list'!D:D,'Price list'!E:E),0) -> 0 | C70: Kg | H70: =IF(G70=0,"",_xlfn.XLOOKUP(G70,List_item!A:A,List_item!B:B)) | I70: 0 | J70: =IF(F70/E$10>0,F70/E$10,I70/E$10) -> 0 | K70: =+B70*(F70+I70) -> 0 | L70: =IFERROR(((K70/SUM($K$11:$K$79))*$F$10)/(F70+I70),0) -> 0 | M70: =+L70*(F70+I70) -> 0 | N70: =IF(L70=0,0,B70-L70) -> 0 | O70: =+K70-M70 -> 0
A71: BLD R | B71: =_xlfn.IFNA(_xlfn.XLOOKUP(A71,'Price list'!D:D,'Price list'!E:E),0) -> 0 | C71: Kg | H71: =IF(G71=0,"",_xlfn.XLOOKUP(G71,List_item!A:A,List_item!B:B)) | I71: 0 | J71: =IF(F71/E$10>0,F71/E$10,I71/E$10) -> 0 | K71: =+B71*(F71+I71) -> 0 | L71: =IFERROR(((K71/SUM($K$11:$K$79))*$F$10)/(F71+I71),0) -> 0 | M71: =+L71*(F71+I71) -> 0 | N71: =IF(L71=0,0,B71-L71) -> 0 | O71: =+K71-M71 -> 0
A72: BLP B | B72: =_xlfn.IFNA(_xlfn.XLOOKUP(A72,'Price list'!D:D,'Price list'!E:E),0) -> 0 | C72: Kg | H72: =IF(G72=0,"",_xlfn.XLOOKUP(G72,List_item!A:A,List_item!B:B)) | I72: 0 | J72: =IF(F72/E$10>0,F72/E$10,I72/E$10) -> 0 | K72: =+B72*(F72+I72) -> 0 | L72: =IFERROR(((K72/SUM($K$11:$K$79))*$F$10)/(F72+I72),0) -> 0 | M72: =+L72*(F72+I72) -> 0 | N72: =IF(L72=0,0,B72-L72) -> 0 | O72: =+K72-M72 -> 0
... A79: karkas amindo R | B79: =_xlfn.IFNA(_xlfn.XLOOKUP(A79,'Price list'!D:D,'Price list'!E:E),0) -> 0 | C79: Kg | H79: =IF(G79=0,"",_xlfn.XLOOKUP(G79,List_item!A:A,List_item!B:B)) | I79: 0 | J79: =IF(F79/E$10>0,F79/E$10,I79/E$10) -> 0 | K79: =+B79*(F79+I79) -> 0 | L79: =IFERROR(((K79/SUM($K$11:$K$79))*$F$10)/(F79+I79),0) -> 0 | M79: =+L79*(F79+I79) -> 0 | N79: =IF(L79=0,0,B79-L79) -> 0 | O79: =+K79-M79 -> 0
A82: Dibuat Oleh, | G82: Diperiksa Oleh,

Sheet Pot_ISA30
I1: =+I9/E11 -> 3.6277286
A2: Harga Perolehan | G2: Ref. Dokumen
A3: Live Bird | B3: =J5*24800 -> 466083760 | G3: 063/09/INV/ALBERTUS/2026 | H3: PI26090095 | I3: Supplier | J3: ALBERTUS
A4: Biaya Ekspedisi | B4: =6*1500000 -> 9000000 | G4: INV 30 SEP | H4: PI26090091 | I4: Tgl. Potong | J4: 46295 | K4: HASIL POTONG | M4: SUSUT | N4: Ayam Mati | O4: KG Mati
A5: Biaya Potong | B5: =25324515+486486 -> 25811001 | G5: RPB-RPA/26/IX/00244 | H5: PI26090082 | I5: Total KG LB | J5: =3169.2+3000+3100.6+3200+3202.5+3121.4 -> 18793.7 | K5: 17568.9 | L5: =J5-K5 -> 1224.8 | M5: =L5/J5 -> 0.065170775
A6: Total | B6: =SUBTOTAL(9,B3:B5) -> 500894761 | E6: Biaya BL
B7: =B6+F6 -> 500894761
I9: =J9+3300.2*2 -> 25394.1 | J9: =J5-J7 -> 18793.7 | K9: Est. GP Margin | L9: =SUM(K12:K68)/M11-1 -> -0.046759245
A10: Produk | B10: Price/Kg | C10: Satuan | E10: SKU Fresh | F10: Non Blasting | G10: No. SKU | H10: Item Name | I10: Qty | J10: Yield | K10: Est. Harga Jual | L10: COGS/Kg | M10: COGS/Item | N10: (Price/Kg - COGS/Kg) | O10: (Est. Harga Jual - COGS/Item) | P10: Notes
E11: 7000 | F11: =+B6 -> 500894761 | I11: =SUM(I12:I89) -> 15893.9 | J11: =SUM(J12:J89) -> 0.84570361 | K11: =SUM(K12:K89) -> 477473300 | M11: =SUM(M12:M89) -> 5.0089476e+08 | O11: =SUM(O12:O89) -> -23421461
A12: AU 0.3 | B12: =_xlfn.IFNA(_xlfn.XLOOKUP(A12,'Price list'!J:J,'Price list'!K:K),0) -> 0 | C12: Kg | H12: =IF(G12=0,"",_xlfn.XLOOKUP(G12,List_item!A:A,List_item!B:B)) | I12: 0 | J12: =IF(F12/J$5>0,F12/J$5,I12/J$5) -> 0 | K12: =+B12*(F12+I12) -> 0 | L12: =IFERROR(((K12/$K$11)*$F$11)/(F12+I12),0) -> 0 | M12: =+L12*(F12+I12) -> 0 | N12: =IF(L12=0,0,B12-L12) -> 0 | O12: =+K12-M12 -> 0
A13: AU 0.4 | B13: =_xlfn.IFNA(_xlfn.XLOOKUP(A13,'Price list'!J:J,'Price list'!K:K),0) -> 0 | C13: Kg | H13: =IF(G13=0,"",_xlfn.XLOOKUP(G13,List_item!A:A,List_item!B:B)) | I13: 0 | J13: =IF(F13/J$5>0,F13/J$5,I13/J$5) -> 0 | K13: =+B13*(F13+I13) -> 0 | L13: =IFERROR(((K13/$K$11)*$F$11)/(F13+I13),0) -> 0 | M13: =+L13*(F13+I13) -> 0 | N13: =IF(L13=0,0,B13-L13) -> 0 | O13: =+K13-M13 -> 0
A14: AU 0.5 | B14: =_xlfn.IFNA(_xlfn.XLOOKUP(A14,'Price list'!J:J,'Price list'!K:K),0) -> 37000 | C14: Kg | G14: JLB1865 | H14: =IF(G14=0,"",_xlfn.XLOOKUP(G14,List_item!A:A,List_item!B:B)) -> Karkas Uk 0.5 Karkas Uk 0.5 Frozen Premium | I14: 70.3 | J14: =IF(F14/J$5>0,F14/J$5,I14/J$5) -> 0.0037406152 | K14: =+B14*(F14+I14) -> 2601100 | L14: =IFERROR(((K14/$K$11)*$F$11)/(F14+I14),0) -> 38814.958 | M14: =+L14*(F14+I14) -> 2728691.6 | N14: =IF(L14=0,0,B14-L14) -> -1814.9581 | O14: =+K14-M14 -> -127591.56
A15: AU 0.6 | B15: =_xlfn.IFNA(_xlfn.XLOOKUP(A15,'Price list'!J:J,'Price list'!K:K),0) -> 37000 | C15: Kg | G15: JLB1866 | H15: =IF(G15=0,"",_xlfn.XLOOKUP(G15,List_item!A:A,List_item!B:B)) -> Karkas Uk 0.6 Karkas Uk 0.6 Frozen Premium | I15: 267 | J15: =IF(F15/J$5>0,F15/J$5,I15/J$5) -> 0.014206888 | K15: =+B15*(F15+I15) -> 9879000 | L15: =IFERROR(((K15/$K$11)*$F$11)/(F15+I15),0) -> 38814.958 | M15: =+L15*(F15+I15) -> 10363594 | N15: =IF(L15=0,0,B15-L15) -> -1814.9581 | O15: =+K15-M15 -> -484593.83
A16: AU 0.7 | B16: =_xlfn.IFNA(_xlfn.XLOOKUP(A16,'Price list'!J:J,'Price list'!K:K),0) -> 37000 | C16: Kg | G16: JLB1867 | H16: =IF(G16=0,"",_xlfn.XLOOKUP(G16,List_item!A:A,List_item!B:B)) -> Karkas Uk 0.7 Karkas Uk 0.7 Frozen Premium | I16: 1113.9 | J16: =IF(F16/J$5>0,F16/J$5,I16/J$5) -> 0.059269862 | K16: =+B16*(F16+I16) -> 41214300 | L16: =IFERROR(((K16/$K$11)*$F$11)/(F16+I16),0) -> 38814.958 | M16: =+L16*(F16+I16) -> 43235982 | N16: =IF(L16=0,0,B16-L16) -> -1814.9581 | O16: =+K16-M16 -> -2021681.9
A17: AU 0.8 | B17: =_xlfn.IFNA(_xlfn.XLOOKUP(A17,'Price list'!J:J,'Price list'!K:K),0) -> 37000 | C17: Kg | G17: JLB1859 | H17: =IF(G17=0,"",_xlfn.XLOOKUP(G17,List_item!A:A,List_item!B:B)) -> Karkas Uk 0.8 Frozen Premium | I17: 899.8 | J17: =IF(F17/J$5>0,F17/J$5,I17/J$5) -> 0.047877746 | K17: =+B17*(F17+I17) -> 33292600 | L17: =IFERROR(((K17/$K$11)*$F$11)/(F17+I17),0) -> 38814.958 | M17: =+L17*(F17+I17) -> 34925699 | N17: =IF(L17=0,0,B17-L17) -> -1814.9581 | O17: =+K17-M17 -> -1633099.3
A18: AU 0.9 | B18: =_xlfn.IFNA(_xlfn.XLOOKUP(A18,'Price list'!J:J,'Price list'!K:K),0) -> 37000 | C18: Kg | G18: JLB1858 | H18: =IF(G18=0,"",_xlfn.XLOOKUP(G18,List_item!A:A,List_item!B:B)) -> Karkas Uk 0.9 Frozen Premium | I18: 2093.7 | J18: =IF(F18/J$5>0,F18/J$5,I18/J$5) -> 0.11140435 | K18: =+B18*(F18+I18) -> 77466900 | L18: =IFERROR(((K18/$K$11)*$F$11)/(F18+I18),0) -> 38814.958 | M18: =+L18*(F18+I18) -> 81266878 | N18: =IF(L18=0,0,B18-L18) -> -1814.9581 | O18: =+K18-M18 -> -3799977.9
A19: AU 0.9 | B19: =_xlfn.IFNA(_xlfn.XLOOKUP(A19,'Price list'!J:J,'Price list'!K:K),0) -> 37000 | C19: Kg | G19: JLB0593 | H19: =IF(G19=0,"",_xlfn.XLOOKUP(G19,List_item!A:A,List_item!B:B)) -> Karkas Uk 0.9 Karkas Uk 0.9 Fresh Premium | I19: 1820.9 | J19: =IF(F19/J$5>0,F19/J$5,I19/J$5) -> 0.096888851 | K19: =+B19*(F19+I19) -> 67373300 | L19: =IFERROR(((K19/$K$11)*$F$11)/(F19+I19),0) -> 38814.958 | M19: =+L19*(F19+I19) -> 70678157 | N19: =IF(L19=0,0,B19-L19) -> -1814.9581 | O19: =+K19-M19 -> -3304857.3
A20: AU 1.0 | B20: =_xlfn.IFNA(_xlfn.XLOOKUP(A20,'Price list'!J:J,'Price list'!K:K),0) -> 37000 | C20: Kg | G20: JLB0690 | H20: =IF(G20=0,"",_xlfn.XLOOKUP(G20,List_item!A:A,List_item!B:B)) -> Karkas Uk 1.0 Karkas Uk 1.0 Frozen Premium | I20: 1697.1 | J20: =IF(F20/J$5>0,F20/J$5,I20/J$5) -> 0.090301537 | K20: =+B20*(F20+I20) -> 62792700 | L20: =IFERROR(((K20/$K$11)*$F$11)/(F20+I20),0) -> 38814.958 | M20: =+L20*(F20+I20) -> 65872865 | N20: =IF(L20=0,0,B20-L20) -> -1814.9581 | O20: =+K20-M20 -> -3080165.5
A21: AU 1.1 | B21: =_xlfn.IFNA(_xlfn.XLOOKUP(A21,'Price list'!J:J,'Price list'!K:K),0) -> 37000 | C21: Kg | G21: JLB0756 | H21: =IF(G21=0,"",_xlfn.XLOOKUP(G21,List_item!A:A,List_item!B:B)) -> Karkas Uk 1.1 Karkas Uk 1.1 Frozen Premium | I21: 174.4 | J21: =IF(F21/J$5>0,F21/J$5,I21/J$5) -> 0.0092797054 | K21: =+B21*(F21+I21) -> 6452800 | L21: =IFERROR(((K21/$K$11)*$F$11)/(F21+I21),0) -> 38814.958 | M21: =+L21*(F21+I21) -> 6769328.7 | N21: =IF(L21=0,0,B21-L21) -> -1814.9581 | O21: =+K21-M21 -> -316528.7
A22: AU 1.1 | B22: =_xlfn.IFNA(_xlfn.XLOOKUP(A22,'Price list'!J:J,'Price list'!K:K),0) -> 37000 | C22: Kg | G22: JLB0724 | H22: =IF(G22=0,"",_xlfn.XLOOKUP(G22,List_item!A:A,List_item!B:B)) -> Karkas Uk 1.1 Karkas Uk 1.1 Fresh Premium | I22: 1282 | J22: =IF(F22/J$5>0,F22/J$5,I22/J$5) -> 0.068214348 | K22: =+B22*(F22+I22) -> 47434000 | L22: =IFERROR(((K22/$K$11)*$F$11)/(F22+I22),0) -> 38814.958 | M22: =+L22*(F22+I22) -> 49760776 | N22: =IF(L22=0,0,B22-L22) -> -1814.9581 | O22: =+K22-M22 -> -2326776.3
A23: AU 1.2 | B23: =_xlfn.IFNA(_xlfn.XLOOKUP(A23,'Price list'!J:J,'Price list'!K:K),0) -> 37000 | C23: Kg | G23: JLB0822 | H23: =IF(G23=0,"",_xlfn.XLOOKUP(G23,List_item!A:A,List_item!B:B)) -> Karkas Uk 1.2 Karkas Uk 1.2 Frozen Premium | I23: 846.6 | J23: =IF(F23/J$5>0,F23/J$5,I23/J$5) -> 0.04504701 | K23: =+B23*(F23+I23) -> 31324200 | L23: =IFERROR(((K23/$K$11)*$F$11)/(F23+I23),0) -> 38814.958 | M23: =+L23*(F23+I23) -> 32860744 | N23: =IF(L23=0,0,B23-L23) -> -1814.9581 | O23: =+K23-M23 -> -1536543.6
A24: AU 1.3 | B24: =_xlfn.IFNA(_xlfn.XLOOKUP(A24,'Price list'!J:J,'Price list'!K:K),0) -> 37000 | C24: Kg | G24: JLB0888 | H24: =IF(G24=0,"",_xlfn.XLOOKUP(G24,List_item!A:A,List_item!B:B)) -> Karkas Uk 1.3 Karkas Uk 1.3 Frozen Premium | I24: 387.6 | J24: =IF(F24/J$5>0,F24/J$5,I24/J$5) -> 0.020623932 | K24: =+B24*(F24+I24) -> 14341200 | L24: =IFERROR(((K24/$K$11)*$F$11)/(F24+I24),0) -> 38814.958 | M24: =+L24*(F24+I24) -> 15044678 | N24: =IF(L24=0,0,B24-L24) -> -1814.9581 | O24: =+K24-M24 -> -703477.78
A25: AU 1.4 | B25: =_xlfn.IFNA(_xlfn.XLOOKUP(A25,'Price list'!J:J,'Price list'!K:K),0) -> 37000 | C25: Kg | G25: JLB0954 | H25: =IF(G25=0,"",_xlfn.XLOOKUP(G25,List_item!A:A,List_item!B:B)) -> Karkas Uk 1.4 Karkas Uk 1.4 Frozen Premium | I25: 134.3 | J25: =IF(F25/J$5>0,F25/J$5,I25/J$5) -> 0.0071460117 | K25: =+B25*(F25+I25) -> 4969100 | L25: =IFERROR(((K25/$K$11)*$F$11)/(F25+I25),0) -> 38814.958 | M25: =+L25*(F25+I25) -> 5212848.9 | N25: =IF(L25=0,0,B25-L25) -> -1814.9581 | O25: =+K25-M25 -> -243748.88
A26: AU 1.5 | B26: =_xlfn.IFNA(_xlfn.XLOOKUP(A26,'Price list'!J:J,'Price list'!K:K),0) -> 37000 | C26: Kg | H26: =IF(G26=0,"",_xlfn.XLOOKUP(G26,List_item!A:A,List_item!B:B)) | I26: 0 | J26: =IF(F26/J$5>0,F26/J$5,I26/J$5) -> 0 | K26: =+B26*(F26+I26) -> 0 | L26: =IFERROR(((K26/$K$11)*$F$11)/(F26+I26),0) -> 0 | M26: =+L26*(F26+I26) -> 0 | N26: =IF(L26=0,0,B26-L26) -> 0 | O26: =+K26-M26 -> 0
A27: AU 1.6 | B27: =_xlfn.IFNA(_xlfn.XLOOKUP(A27,'Price list'!J:J,'Price list'!K:K),0) -> 37000 | C27: Kg | H27: =IF(G27=0,"",_xlfn.XLOOKUP(G27,List_item!A:A,List_item!B:B)) | I27: 0 | J27: =IF(F27/J$5>0,F27/J$5,I27/J$5) -> 0 | K27: =+B27*(F27+I27) -> 0 | L27: =IFERROR(((K27/$K$11)*$F$11)/(F27+I27),0) -> 0 | M27: =+L27*(F27+I27) -> 0 | N27: =IF(L27=0,0,B27-L27) -> 0 | O27: =+K27-M27 -> 0
A28: AU 1.7 | B28: =_xlfn.IFNA(_xlfn.XLOOKUP(A28,'Price list'!J:J,'Price list'!K:K),0) -> 37000 | C28: Kg | H28: =IF(G28=0,"",_xlfn.XLOOKUP(G28,List_item!A:A,List_item!B:B)) | I28: 0 | J28: =IF(F28/J$5>0,F28/J$5,I28/J$5) -> 0 | K28: =+B28*(F28+I28) -> 0 | L28: =IFERROR(((K28/$K$11)*$F$11)/(F28+I28),0) -> 0 | M28: =+L28*(F28+I28) -> 0 | N28: =IF(L28=0,0,B28-L28) -> 0 | O28: =+K28-M28 -> 0
A29: AU 1.8 | B29: =_xlfn.IFNA(_xlfn.XLOOKUP(A29,'Price list'!J:J,'Price list'!K:K),0) -> 37000 | C29: Kg | H29: =IF(G29=0,"",_xlfn.XLOOKUP(G29,List_item!A:A,List_item!B:B)) | I29: 0 | J29: =IF(F29/J$5>0,F29/J$5,I29/J$5) -> 0 | K29: =+B29*(F29+I29) -> 0 | L29: =IFERROR(((K29/$K$11)*$F$11)/(F29+I29),0) -> 0 | M29: =+L29*(F29+I29) -> 0 | N29: =IF(L29=0,0,B29-L29) -> 0 | O29: =+K29-M29 -> 0
A30: AU 1.9 | B30: =_xlfn.IFNA(_xlfn.XLOOKUP(A30,'Price list'!J:J,'Price list'!K:K),0) -> 37000 | C30: Kg | H30: =IF(G30=0,"",_xlfn.XLOOKUP(G30,List_item!A:A,List_item!B:B)) | I30: 0 | J30: =IF(F30/J$5>0,F30/J$5,I30/J$5) -> 0 | K30: =+B30*(F30+I30) -> 0 | L30: =IFERROR(((K30/$K$11)*$F$11)/(F30+I30),0)+IFERROR(((K30/SUMIF(H:H,"*Boneless*",K:K))*$F$6)/I30,0) -> 0 | M30: =+L30*(F30+I30) -> 0 | N30: =IF(L30=0,0,B30-L30) -> 0 | O30: =+K30-M30 -> 0 | P30: =IFERROR(((K30/SUMIF(H:H,"*Boneless*",K:K))*$F$6),0) -> 0 | Q30: =SUMIF(H:H,"*Boneless*",K:K) -> 25941500
A31: AU 2.0 | B31: =_xlfn.IFNA(_xlfn.XLOOKUP(A31,'Price list'!J:J,'Price list'!K:K),0) -> 37000 | C31: Kg | H31: =IF(G31=0,"",_xlfn.XLOOKUP(G31,List_item!A:A,List_item!B:B)) | I31: 0 | J31: =IF(F31/J$5>0,F31/J$5,I31/J$5) -> 0 | K31: =+B31*(F31+I31) -> 0 | L31: =IFERROR(((K31/$K$11)*$F$11)/(F31+I31),0) -> 0 | M31: =+L31*(F31+I31) -> 0 | N31: =IF(L31=0,0,B31-L31) -> 0 | O31: =+K31-M31 -> 0
A32: AU UP | B32: =_xlfn.IFNA(_xlfn.XLOOKUP(A32,'Price list'!J:J,'Price list'!K:K),0) -> 0 | C32: Kg | H32: =IF(G32=0,"",_xlfn.XLOOKUP(G32,List_item!A:A,List_item!B:B)) | I32: 0 | J32: =IF(F32/J$5>0,F32/J$5,I32/J$5) -> 0 | K32: =+B32*(F32+I32) -> 0 | L32: =IFERROR(((K32/$K$11)*$F$11)/(F32+I32),0)+IFERROR(((K32/SUMIF(H:H,"*Boneless*",K:K))*$F$6)/I32,0) -> 0 | M32: =+L32*(F32+I32) -> 0 | N32: =IF(L32=0,0,B32-L32) -> 0 | O32: =+K32-M32 -> 0 | P32: =IFERROR(((K32/SUMIF(H:H,"*Boneless*",K:K))*$F$6),0) -> 0 | Q32: =SUMIF(H:H,"*Boneless*",K:K) -> 25941500
A33: BLD | B33: =_xlfn.IFNA(_xlfn.XLOOKUP(A33,'Price list'!J:J,'Price list'!K:K),0) -> 50000 | C33: Kg | H33: =IF(G33=0,"",_xlfn.XLOOKUP(G33,List_item!A:A,List_item!B:B)) | I33: 0 | J33: =IF(F33/J$5>0,F33/J$5,I33/J$5) -> 0 | K33: =+B33*(F33+I33) -> 0 | L33: =IFERROR(((K33/$K$11)*$F$11)/(F33+I33),0)+IFERROR(((K33/SUMIF(H:H,"*Boneless*",K:K))*$F$6)/I33,0) -> 0 | M33: =+L33*(F33+I33) -> 0 | N33: =IF(L33=0,0,B33-L33) -> 0 | O33: =+K33-M33 -> 0 | P33: =IFERROR(((K33/SUMIF(H:H,"*Boneless*",K:K))*$F$6),0) -> 0 | Q33: =SUMIF(H:H,"*Boneless*",K:K) -> 25941500
A34: BLPK | B34: =_xlfn.IFNA(_xlfn.XLOOKUP(A34,'Price list'!J:J,'Price list'!K:K),0) -> 48000 | C34: Kg | H34: =IF(G34=0,"",_xlfn.XLOOKUP(G34,List_item!A:A,List_item!B:B)) | I34: 0 | J34: =IF(F34/J$5>0,F34/J$5,I34/J$5) -> 0 | K34: =+B34*(F34+I34) -> 0 | L34: =IFERROR(((K34/$K$11)*$F$11)/(F34+I34),0)+IFERROR(((K34/SUMIF(H:H,"*Boneless*",K:K))*$F$6)/I34,0) -> 0 | M34: =+L34*(F34+I34) -> 0 | N34: =IF(L34=0,0,B34-L34) -> 0 | O34: =+K34-M34 -> 0 | P34: =IFERROR(((K34/SUMIF(H:H,"*Boneless*",K:K))*$F$6),0) -> 0 | Q34: =SUMIF(H:H,"*Boneless*",K:K) -> 25941500
A35: BLP | B35: =_xlfn.IFNA(_xlfn.XLOOKUP(A35,'Price list'!J:J,'Price list'!K:K),0) -> 49000 | C35: Kg | H35: =IF(G35=0,"",_xlfn.XLOOKUP(G35,List_item!A:A,List_item!B:B)) | I35: 0 | J35: =IF(F35/J$5>0,F35/J$5,I35/J$5) -> 0 | K35: =+B35*(F35+I35) -> 0 | L35: =IFERROR(((K35/$K$11)*$F$11)/(F35+I35),0)+IFERROR(((K35/SUMIF(H:H,"*Boneless*",K:K))*$F$6)/I35,0) -> 0 | M35: =+L35*(F35+I35) -> 0 | N35: =IF(L35=0,0,B35-L35) -> 0 | O35: =+K35-M35 -> 0 | P35: =IFERROR(((K35/SUMIF(H:H,"*Boneless*",K:K))*$F$6),0) -> 0 | Q35: =SUMIF(H:H,"*Boneless*",K:K) -> 25941500
A36: Krk | B36: =_xlfn.IFNA(_xlfn.XLOOKUP(A36,'Price list'!J:J,'Price list'!K:K),0) -> 12500 | C36: Kg | H36: =IF(G36=0,"",_xlfn.XLOOKUP(G36,List_item!A:A,List_item!B:B)) | I36: 0 | J36: =IF(F36/J$5>0,F36/J$5,I36/J$5) -> 0 | K36: =+B36*(F36+I36) -> 0 | L36: =IFERROR(((K36/$K$11)*$F$11)/(F36+I36),0)+IFERROR(((K36/SUMIF(H:H,"*Boneless*",K:K))*$F$6)/I36,0) -> 0 | M36: =+L36*(F36+I36) -> 0 | N36: =IF(L36=0,0,B36-L36) -> 0 | O36: =+K36-M36 -> 0 | P36: =IFERROR(((K36/SUMIF(H:H,"*Boneless*",K:K))*$F$6),0) -> 0 | Q36: =SUMIF(H:H,"*Boneless*",K:K) -> 25941500
A37: kulit | B37: =_xlfn.IFNA(_xlfn.XLOOKUP(A37,'Price list'!J:J,'Price list'!K:K),0) -> 32000 | C37: Kg | H37: =IF(G37=0,"",_xlfn.XLOOKUP(G37,List_item!A:A,List_item!B:B)) | I37: 0 | J37: =IF(F37/J$5>0,F37/J$5,I37/J$5) -> 0 | K37: =+B37*(F37+I37) -> 0 | L37: =IFERROR(((K37/$K$11)*$F$11)/(F37+I37),0)+IFERROR(((K37/SUMIF(H:H,"*Boneless*",K:K))*$F$6)/I37,0) -> 0 | M37: =+L37*(F37+I37) -> 0 | N37: =IF(L37=0,0,B37-L37) -> 0 | O37: =+K37-M37 -> 0 | P37: =IFERROR(((K37/SUMIF(H:H,"*Boneless*",K:K))*$F$6),0) -> 0 | Q37: =SUMIF(H:H,"*Boneless*",K:K) -> 25941500
A38: Sayap | B38: =_xlfn.IFNA(_xlfn.XLOOKUP(A38,'Price list'!J:J,'Price list'!K:K),0) -> 36000 | C38: Kg | H38: =IF(G38=0,"",_xlfn.XLOOKUP(G38,List_item!A:A,List_item!B:B)) | I38: 0 | J38: =IF(F38/J$5>0,F38/J$5,I38/J$5) -> 0 | K38: =+B38*(F38+I38) -> 0 | L38: =IFERROR(((K38/$K$11)*$F$11)/(F38+I38),0) -> 0 | M38: =+L38*(F38+I38) -> 0 | N38: =IF(L38=0,0,B38-L38) -> 0 | O38: =+K38-M38 -> 0
A39: Sayap grade A | B39: =_xlfn.IFNA(_xlfn.XLOOKUP(A39,'Price list'!J:J,'Price list'!K:K),0) -> 32000 | C39: Kg | H39: =IF(G39=0,"",_xlfn.XLOOKUP(G39,List_item!A:A,List_item!B:B)) | I39: 0 | J39: =IF(F39/J$5>0,F39/J$5,I39/J$5) -> 0 | K39: =+B39*(F39+I39) -> 0 | L39: =IFERROR(((K39/$K$11)*$F$11)/(F39+I39),0) -> 0 | M39: =+L39*(F39+I39) -> 0 | N39: =IF(L39=0,0,B39-L39) -> 0 | O39: =+K39-M39 -> 0
A40: TLP | B40: =_xlfn.IFNA(_xlfn.XLOOKUP(A40,'Price list'!J:J,'Price list'!K:K),0) -> 5000 | C40: Kg | H40: =IF(G40=0,"",_xlfn.XLOOKUP(G40,List_item!A:A,List_item!B:B)) | I40: 0 | J40: =IF(F40/J$5>0,F40/J$5,I40/J$5) -> 0 | K40: =+B40*(F40+I40) -> 0 | L40: =IFERROR(((K40/$K$11)*$F$11)/(F40+I40),0) -> 0 | M40: =+L40*(F40+I40) -> 0 | N40: =IF(L40=0,0,B40-L40) -> 0 | O40: =+K40-M40 -> 0
A41: Paha Bawah | B41: =_xlfn.IFNA(_xlfn.XLOOKUP(A41,'Price list'!J:J,'Price list'!K:K),0) -> 35000 | C41: Kg | H41: =IF(G41=0,"",_xlfn.XLOOKUP(G41,List_item!A:A,List_item!B:B)) | I41: 0 | J41: =IF(F41/J$5>0,F41/J$5,I41/J$5) -> 0 | K41: =+B41*(F41+I41) -> 0 | L41: =IFERROR(((K41/$K$11)*$F$11)/(F41+I41),0) -> 0 | M41: =+L41*(F41+I41) -> 0 | N41: =IF(L41=0,0,B41-L41) -> 0 | O41: =+K41-M41 -> 0
A42: Lemak | B42: =_xlfn.IFNA(_xlfn.XLOOKUP(A42,'Price list'!J:J,'Price list'!K:K),0) -> 24000 | C42: Kg | G42: JLB0177 | H42: =IF(G42=0,"",_xlfn.XLOOKUP(G42,List_item!A:A,List_item!B:B)) -> Boneless BL Frozen Lemak | I42: 56.1 | J42: =IF(F42/J$5>0,F42/J$5,I42/J$5) -> 0.0029850429 | K42: =+B42*(F42+I42) -> 1346400 | L42: =IFERROR(((K42/$K$11)*$F$11)/(F42+I42),0) -> 25177.27 | M42: =+L42*(F42+I42) -> 1412444.9 | N42: =IF(L42=0,0,B42-L42) -> -1177.2702 | O42: =+K42-M42 -> -66044.855
A43: Kepala | B43: =_xlfn.IFNA(_xlfn.XLOOKUP(A43,'Price list'!J:J,'Price list'!K:K),0) -> 9500 | C43: Kg | G43: JLB0092 | H43: =IF(G43=0,"",_xlfn.XLOOKUP(G43,List_item!A:A,List_item!B:B)) -> Boneless BL Fresh Kepala | I43: 957.7 | J43: =IF(F43/J$5>0,F43/J$5,I43/J$5) -> 0.050958566 | K43: =+B43*(F43+I43) -> 9098150 | L43: =IFERROR(((K43/$K$11)*$F$11)/(F43+I43),0) -> 9966.0028 | M43: =+L43*(F43+I43) -> 9544440.9 | N43: =IF(L43=0,0,B43-L43) -> -466.00277 | O43: =+K43-M43 -> -446290.85 | P43: ?
A44: Ceker | B44: =_xlfn.IFNA(_xlfn.XLOOKUP(A44,'Price list'!J:J,'Price list'!K:K),0) -> 16000 | C44: Kg | G44: JLB0078 | H44: =IF(G44=0,"",_xlfn.XLOOKUP(G44,List_item!A:A,List_item!B:B)) -> Boneless BL Fresh Ceker | I44: 580.5 | J44: =IF(F44/J$5>0,F44/J$5,I44/J$5) -> 0.03088801 | K44: =+B44*(F44+I44) -> 9288000 | L44: =IFERROR(((K44/$K$11)*$F$11)/(F44+I44),0)+IFERROR(((K44/SUMIF(H:H,"*Boneless*",K:K))*$F$6)/I44,0) -> 16784.847 | M44: =+L44*(F44+I44) -> 9743603.5 | N44: =IF(L44=0,0,B44-L44) -> -784.84677 | O44: =+K44-M44 -> -455603.55 | P44: =IFERROR(((K44/SUMIF(H:H,"*Boneless*",K:K))*$F$6),0) -> 0 | Q44: =SUMIF(H:H,"*Boneless*",K:K) -> 25941500
A45: HJA | B45: =_xlfn.IFNA(_xlfn.XLOOKUP(A45,'Price list'!J:J,'Price list'!K:K),0) -> 4500 | C45: Kg | H45: =IF(G45=0,"",_xlfn.XLOOKUP(G45,List_item!A:A,List_item!B:B)) | I45: 0 | J45: =IF(F45/J$5>0,F45/J$5,I45/J$5) -> 0 | K45: =+B45*(F45+I45) -> 0 | L45: =IFERROR(((K45/$K$11)*$F$11)/(F45+I45),0) -> 0 | M45: =+L45*(F45+I45) -> 0 | N45: =IF(L45=0,0,B45-L45) -> 0 | O45: =+K45-M45 -> 0
A46: Usus | B46: =_xlfn.IFNA(_xlfn.XLOOKUP(A46,'Price list'!J:J,'Price list'!K:K),0) -> 1500 | C46: Kg | G46: JLB0135 | H46: =IF(G46=0,"",_xlfn.XLOOKUP(G46,List_item!A:A,List_item!B:B)) -> Boneless BL Fresh Usus Kotor | I46: 887 | J46: =IF(F46/J$5>0,F46/J$5,I46/J$5) -> 0.047196667 | K46: =+B46*(F46+I46) -> 1330500 | L46: =IFERROR(((K46/$K$11)*$F$11)/(F46+I46),0) -> 1573.5794 | M46: =+L46*(F46+I46) -> 1395764.9 | N46: =IF(L46=0,0,B46-L46) -> -73.579384 | O46: =+K46-M46 -> -65264.914
A47: Tungir | B47: =_xlfn.IFNA(_xlfn.XLOOKUP(A47,'Price list'!J:J,'Price list'!K:K),0) -> 22000 | C47: Kg | H47: =IF(G47=0,"",_xlfn.XLOOKUP(G47,List_item!A:A,List_item!B:B)) | I47: 0 | J47: =IF(F47/J$5>0,F47/J$5,I47/J$5) -> 0 | K47: =+B47*(F47+I47) -> 0 | L47: =IFERROR(((K47/$K$11)*$F$11)/(F47+I47),0) -> 0 | M47: =+L47*(F47+I47) -> 0 | N47: =IF(L47=0,0,B47-L47) -> 0 | O47: =+K47-M47 -> 0
A48: Jantung | B48: =_xlfn.IFNA(_xlfn.XLOOKUP(A48,'Price list'!J:J,'Price list'!K:K),0) -> 16000 | C48: Kg | H48: =IF(G48=0,"",_xlfn.XLOOKUP(G48,List_item!A:A,List_item!B:B)) | I48: 0 | J48: =IF(F48/J$5>0,F48/J$5,I48/J$5) -> 0 | K48: =+B48*(F48+I48) -> 0 | L48: =IFERROR(((K48/$K$11)*$F$11)/(F48+I48),0) -> 0 | M48: =+L48*(F48+I48) -> 0 | N48: =IF(L48=0,0,B48-L48) -> 0 | O48: =+K48-M48 -> 0
A49: Ceker B | B49: =_xlfn.IFNA(_xlfn.XLOOKUP(A49,'Price list'!J:J,'Price list'!K:K),0) -> 5000 | C49: Kg | H49: =IF(G49=0,"",_xlfn.XLOOKUP(G49,List_item!A:A,List_item!B:B)) | I49: 0 | J49: =IF(F49/J$5>0,F49/J$5,I49/J$5) -> 0 | K49: =+B49*(F49+I49) -> 0 | L49: =IFERROR(((K49/$K$11)*$F$11)/(F49+I49),0) -> 0 | M49: =+L49*(F49+I49) -> 0 | N49: =IF(L49=0,0,B49-L49) -> 0 | O49: =+K49-M49 -> 0
A50: Giblet | B50: =_xlfn.IFNA(_xlfn.XLOOKUP(A50,'Price list'!J:J,'Price list'!K:K),0) -> 4500 | C50: Kg | G50: JLB0080 | H50: =IF(G50=0,"",_xlfn.XLOOKUP(G50,List_item!A:A,List_item!B:B)) -> Boneless BL Fresh HJA | I50: 1084.1 | J50: =IF(F50/J$5>0,F50/J$5,I50/J$5) -> 0.057684224 | K50: =+B50*(F50+I50) -> 4878450 | L50: =IFERROR(((K50/$K$11)*$F$11)/(F50+I50),0) -> 4720.7382 | M50: =+L50*(F50+I50) -> 5117752.2 | N50: =IF(L50=0,0,B50-L50) -> -220.73815 | O50: =+K50-M50 -> -239302.23
A51: BLD Grade D | B51: =_xlfn.IFNA(_xlfn.XLOOKUP(A51,'Price list'!J:J,'Price list'!K:K),0) -> 0 | C51: Kg | H51: =IF(G51=0,"",_xlfn.XLOOKUP(G51,List_item!A:A,List_item!B:B)) | I51: 0 | J51: =IF(F51/J$5>0,F51/J$5,I51/J$5) -> 0 | K51: =+B51*(F51+I51) -> 0 | L51: =IFERROR(((K51/$K$11)*$F$11)/(F51+I51),0) -> 0 | M51: =+L51*(F51+I51) -> 0 | N51: =IF(L51=0,0,B51-L51) -> 0 | O51: =+K51-M51 -> 0
A52: BLP Grade D | B52: =_xlfn.IFNA(_xlfn.XLOOKUP(A52,'Price list'!J:J,'Price list'!K:K),0) -> 0 | C52: Kg | H52: =IF(G52=0,"",_xlfn.XLOOKUP(G52,List_item!A:A,List_item!B:B)) | I52: 0 | J52: =IF(F52/J$5>0,F52/J$5,I52/J$5) -> 0 | K52: =+B52*(F52+I52) -> 0 | L52: =IFERROR(((K52/$K$11)*$F$11)/(F52+I52),0) -> 0 | M52: =+L52*(F52+I52) -> 0 | N52: =IF(L52=0,0,B52-L52) -> 0 | O52: =+K52-M52 -> 0
A53: AU 0.3 Grade A | B53: =_xlfn.IFNA(_xlfn.XLOOKUP(A53,'Price list'!J:J,'Price list'!K:K),0) -> 0 | C53: Kg | H53: =IF(G53=0,"",_xlfn.XLOOKUP(G53,List_item!A:A,List_item!B:B)) | I53: 0 | J53: =IF(F53/J$5>0,F53/J$5,I53/J$5) -> 0 | K53: =+B53*(F53+I53) -> 0 | L53: =IFERROR(((K53/$K$11)*$F$11)/(F53+I53),0) -> 0 | M53: =+L53*(F53+I53) -> 0 | N53: =IF(L53=0,0,B53-L53) -> 0 | O53: =+K53-M53 -> 0
A54: AU 0.4 Grade A | B54: =_xlfn.IFNA(_xlfn.XLOOKUP(A54,'Price list'!J:J,'Price list'!K:K),0) -> 34000 | C54: Kg | H54: =IF(G54=0,"",_xlfn.XLOOKUP(G54,List_item!A:A,List_item!B:B)) | I54: 0 | J54: =IF(F54/J$5>0,F54/J$5,I54/J$5) -> 0 | K54: =+B54*(F54+I54) -> 0 | L54: =IFERROR(((K54/$K$11)*$F$11)/(F54+I54),0) -> 0 | M54: =+L54*(F54+I54) -> 0 | N54: =IF(L54=0,0,B54-L54) -> 0 | O54: =+K54-M54 -> 0
A55: AU 0.5 Grade A | B55: =_xlfn.IFNA(_xlfn.XLOOKUP(A55,'Price list'!J:J,'Price list'!K:K),0) -> 34000 | C55: Kg | G55: JLB0338 | H55: =IF(G55=0,"",_xlfn.XLOOKUP(G55,List_item!A:A,List_item!B:B)) -> Karkas Uk 0.5 Karkas Uk 0.5 Frozen Grade A | I55: 32.6 | J55: =IF(F55/J$5>0,F55/J$5,I55/J$5) -> 0.0017346238 | K55: =+B55*(F55+I55) -> 1108400 | L55: =IFERROR(((K55/$K$11)*$F$11)/(F55+I55),0) -> 35667.799 | M55: =+L55*(F55+I55) -> 1162770.3 | N55: =IF(L55=0,0,B55-L55) -> -1667.7994 | O55: =+K55-M55 -> -54370.26
A56: AU 0.6 Grade A | B56: =_xlfn.IFNA(_xlfn.XLOOKUP(A56,'Price list'!J:J,'Price list'!K:K),0) -> 34000 | C56: Kg | G56: JLB0403 | H56: =IF(G56=0,"",_xlfn.XLOOKUP(G56,List_item!A:A,List_item!B:B)) -> Karkas Uk 0.6 Karkas Uk 0.6 Frozen Grade A | I56: 79.9 | J56: =IF(F56/J$5>0,F56/J$5,I56/J$5) -> 0.0042514247 | K56: =+B56*(F56+I56) -> 2716600 | L56: =IFERROR(((K56/$K$11)*$F$11)/(F56+I56),0) -> 35667.799 | M56: =+L56*(F56+I56) -> 2849857.2 | N56: =IF(L56=0,0,B56-L56) -> -1667.7994 | O56: =+K56-M56 -> -133257.17
A57: AU 0.7 Grade A | B57: =_xlfn.IFNA(_xlfn.XLOOKUP(A57,'Price list'!J:J,'Price list'!K:K),0) -> 34000 | C57: Kg | G57: JLB0468 | H57: =IF(G57=0,"",_xlfn.XLOOKUP(G57,List_item!A:A,List_item!B:B)) -> Karkas Uk 0.7 Karkas Uk 0.7 Frozen Grade A | I57: 168.1 | J57: =IF(F57/J$5>0,F57/J$5,I57/J$5) -> 0.0089444867 | K57: =+B57*(F57+I57) -> 5715400 | L57: =IFERROR(((K57/$K$11)*$F$11)/(F57+I57),0) -> 35667.799 | M57: =+L57*(F57+I57) -> 5995757.1 | N57: =IF(L57=0,0,B57-L57) -> -1667.7994 | O57: =+K57-M57 -> -280357.08
A58: AU 0.7 Grade A | B58: =_xlfn.IFNA(_xlfn.XLOOKUP(A58,'Price list'!J:J,'Price list'!K:K),0) -> 34000 | C58: Kg | G58: JLB0435 | H58: =IF(G58=0,"",_xlfn.XLOOKUP(G58,List_item!A:A,List_item!B:B)) -> Karkas Uk 0.7 Karkas Uk 0.7 Fresh Grade A | I58: 21.4 | J58: =IF(F58/J$5>0,F58/J$5,I58/J$5) -> 0.0011386795 | K58: =+B58*(F58+I58) -> 727600 | L58: =IFERROR(((K58/$K$11)*$F$11)/(F58+I58),0) -> 35667.799 | M58: =+L58*(F58+I58) -> 763290.91 | N58: =IF(L58=0,0,B58-L58) -> -1667.7994 | O58: =+K58-M58 -> -35690.907
A59: AU 0.8 Grade A | B59: =_xlfn.IFNA(_xlfn.XLOOKUP(A59,'Price list'!J:J,'Price list'!K:K),0) -> 34000 | C59: Kg | G59: JLB0533 | H59: =IF(G59=0,"",_xlfn.XLOOKUP(G59,List_item!A:A,List_item!B:B)) -> Karkas Uk 0.8 Karkas Uk 0.8 Frozen Grade A | I59: 259.4 | J59: =IF(F59/J$5>0,F59/J$5,I59/J$5) -> 0.013802498 | K59: =+B59*(F59+I59) -> 8819600 | L59: =IFERROR(((K59/$K$11)*$F$11)/(F59+I59),0) -> 35667.799 | M59: =+L59*(F59+I59) -> 9252227.2 | N59: =IF(L59=0,0,B59-L59) -> -1667.7994 | O59: =+K59-M59 -> -432627.16
A60: AU 0.9 Grade A | B60: =_xlfn.IFNA(_xlfn.XLOOKUP(A60,'Price list'!J:J,'Price list'!K:K),0) -> 34000 | C60: Kg | G60: JLB0598 | H60: =IF(G60=0,"",_xlfn.XLOOKUP(G60,List_item!A:A,List_item!B:B)) -> Karkas Uk 0.9 Karkas Uk 0.9 Frozen Grade A | I60: 295.4 | J60: =IF(F60/J$5>0,F60/J$5,I60/J$5) -> 0.015718033 | K60: =+B60*(F60+I60) -> 10043600 | L60: =IFERROR(((K60/$K$11)*$F$11)/(F60+I60),0) -> 35667.799 | M60: =+L60*(F60+I60) -> 10536268 | N60: =IF(L60=0,0,B60-L60) -> -1667.7994 | O60: =+K60-M60 -> -492667.94
A61: AU 1.0 Grade A | B61: =_xlfn.IFNA(_xlfn.XLOOKUP(A61,'Price list'!J:J,'Price list'!K:K),0) -> 34000 | C61: Kg | G61: JLB0663 | H61: =IF(G61=0,"",_xlfn.XLOOKUP(G61,List_item!A:A,List_item!B:B)) -> Karkas Uk 1.0 Karkas Uk 1.0 Frozen Grade A | I61: 216.3 | J61: =IF(F61/J$5>0,F61/J$5,I61/J$5) -> 0.011509176 | K61: =+B61*(F61+I61) -> 7354200 | L61: =IFERROR(((K61/$K$11)*$F$11)/(F61+I61),0) -> 35667.799 | M61: =+L61*(F61+I61) -> 7714945 | N61: =IF(L61=0,0,B61-L61) -> -1667.7994 | O61: =+K61-M61 -> -360745.01
A62: AU 1.0 Grade A | B62: =_xlfn.IFNA(_xlfn.XLOOKUP(A62,'Price list'!J:J,'Price list'!K:K),0) -> 34000 | C62: Kg | G62: JLB0630 | H62: =IF(G62=0,"",_xlfn.XLOOKUP(G62,List_item!A:A,List_item!B:B)) -> Karkas Uk 1.0 Karkas Uk 1.0 Fresh Grade A | I62: 6 | J62: =IF(F62/J$5>0,F62/J$5,I62/J$5) -> 0.00031925592 | K62: =+B62*(F62+I62) -> 204000 | L62: =IFERROR(((K62/$K$11)*$F$11)/(F62+I62),0) -> 35667.799 | M62: =+L62*(F62+I62) -> 214006.8 | N62: =IF(L62=0,0,B62-L62) -> -1667.7994 | O62: =+K62-M62 -> -10006.796
A63: AU 1.1 Grade A | B63: =_xlfn.IFNA(_xlfn.XLOOKUP(A63,'Price list'!J:J,'Price list'!K:K),0) -> 34000 | C63: Kg | G63: JLB0729 | H63: =IF(G63=0,"",_xlfn.XLOOKUP(G63,List_item!A:A,List_item!B:B)) -> Karkas Uk 1.1 Karkas Uk 1.1 Frozen Grade A | I63: 206.1 | J63: =IF(F63/J$5>0,F63/J$5,I63/J$5) -> 0.010966441 | K63: =+B63*(F63+I63) -> 7007400 | L63: =IFERROR(((K63/$K$11)*$F$11)/(F63+I63),0) -> 35667.799 | M63: =+L63*(F63+I63) -> 7351133.5 | N63: =IF(L63=0,0,B63-L63) -> -1667.7994 | O63: =+K63-M63 -> -343733.45
A64: AU 1.2 Grade A | B64: =_xlfn.IFNA(_xlfn.XLOOKUP(A64,'Price list'!J:J,'Price list'!K:K),0) -> 34000 | C64: Kg | G64: JLB0795 | H64: =IF(G64=0,"",_xlfn.XLOOKUP(G64,List_item!A:A,List_item!B:B)) -> Karkas Uk 1.2 Karkas Uk 1.2 Frozen Grade A | I64: 149.9 | J64: =IF(F64/J$5>0,F64/J$5,I64/J$5) -> 0.0079760771 | K64: =+B64*(F64+I64) -> 5096600 | L64: =IFERROR(((K64/$K$11)*$F$11)/(F64+I64),0) -> 35667.799 | M64: =+L64*(F64+I64) -> 5346603.1 | N64: =IF(L64=0,0,B64-L64) -> -1667.7994 | O64: =+K64-M64 -> -250003.13
A65: AU 1.2 Grade A | B65: =_xlfn.IFNA(_xlfn.XLOOKUP(A65,'Price list'!J:J,'Price list'!K:K),0) -> 34000 | C65: Kg | G65: JLB0763 | H65: =IF(G65=0,"",_xlfn.XLOOKUP(G65,List_item!A:A,List_item!B:B)) -> Karkas Uk 1.2 Karkas Uk 1.2 Fresh Grade A | I65: 10 | J65: =IF(F65/J$5>0,F65/J$5,I65/J$5) -> 0.0005320932 | K65: =+B65*(F65+I65) -> 340000 | L65: =IFERROR(((K65/$K$11)*$F$11)/(F65+I65),0) -> 35667.799 | M65: =+L65*(F65+I65) -> 356677.99 | N65: =IF(L65=0,0,B65-L65) -> -1667.7994 | O65: =+K65-M65 -> -16677.994
A66: AU 1.3 Grade A | B66: =_xlfn.IFNA(_xlfn.XLOOKUP(A66,'Price list'!J:J,'Price list'!K:K),0) -> 34000 | C66: Kg | G66: JLB0861 | H66: =IF(G66=0,"",_xlfn.XLOOKUP(G66,List_item!A:A,List_item!B:B)) -> Karkas Uk 1.3 Karkas Uk 1.3 Frozen Grade A | I66: 77.9 | J66: =IF(F66/J$5>0,F66/J$5,I66/J$5) -> 0.004145006 | K66: =+B66*(F66+I66) -> 2648600 | L66: =IFERROR(((K66/$K$11)*$F$11)/(F66+I66),0) -> 35667.799 | M66: =+L66*(F66+I66) -> 2778521.6 | N66: =IF(L66=0,0,B66-L66) -> -1667.7994 | O66: =+K66-M66 -> -129921.57
A67: AU 1.4 Grade A | B67: =_xlfn.IFNA(_xlfn.XLOOKUP(A67,'Price list'!J:J,'Price list'!K:K),0) -> 34000 | C67: Kg | G67: JLB0927 | H67: =IF(G67=0,"",_xlfn.XLOOKUP(G67,List_item!A:A,List_item!B:B)) -> Karkas Uk 1.4 Karkas Uk 1.4 Frozen Grade A | I67: 17.9 | J67: =IF(F67/J$5>0,F67/J$5,I67/J$5) -> 0.00095244683 | K67: =+B67*(F67+I67) -> 608600 | L67: =IFERROR(((K67/$K$11)*$F$11)/(F67+I67),0) -> 35667.799 | M67: =+L67*(F67+I67) -> 638453.61 | N67: =IF(L67=0,0,B67-L67) -> -1667.7994 | O67: =+K67-M67 -> -29853.609
A68: AU 1.5 Grade A | B68: =_xlfn.IFNA(_xlfn.XLOOKUP(A68,'Price list'!J:J,'Price list'!K:K),0) -> 34000 | C68: Kg | H68: =IF(G68=0,"",_xlfn.XLOOKUP(G68,List_item!A:A,List_item!B:B)) | I68: 0 | J68: =IF(F68/J$5>0,F68/J$5,I68/J$5) -> 0 | K68: =+B68*(F68+I68) -> 0 | L68: =IFERROR(((K68/$K$11)*$F$11)/(F68+I68),0) -> 0 | M68: =+L68*(F68+I68) -> 0 | N68: =IF(L68=0,0,B68-L68) -> 0 | O68: =+K68-M68 -> 0
A69: AU 1.6 Grade A | B69: =_xlfn.IFNA(_xlfn.XLOOKUP(A69,'Price list'!J:J,'Price list'!K:K),0) -> 34000 | C69: Kg | H69: =IF(G69=0,"",_xlfn.XLOOKUP(G69,List_item!A:A,List_item!B:B)) | I69: 0 | J69: =IF(F69/J$5>0,F69/J$5,I69/J$5) -> 0 | K69: =+B69*(F69+I69) -> 0 | L69: =IFERROR(((K69/$K$11)*$F$11)/(F69+I69),0) -> 0 | M69: =+L69*(F69+I69) -> 0 | N69: =IF(L69=0,0,B69-L69) -> 0 | O69: =+K69-M69 -> 0
A70: AU 1.7 Grade A | B70: =_xlfn.IFNA(_xlfn.XLOOKUP(A70,'Price list'!J:J,'Price list'!K:K),0) -> 34000 | C70: Kg | H70: =IF(G70=0,"",_xlfn.XLOOKUP(G70,List_item!A:A,List_item!B:B)) | I70: 0 | J70: =IF(F70/J$5>0,F70/J$5,I70/J$5) -> 0 | K70: =+B70*(F70+I70) -> 0 | L70: =IFERROR(((K70/$K$11)*$F$11)/(F70+I70),0) -> 0 | M70: =+L70*(F70+I70) -> 0 | N70: =IF(L70=0,0,B70-L70) -> 0 | O70: =+K70-M70 -> 0
A71: AU 1.8 Grade A | B71: =_xlfn.IFNA(_xlfn.XLOOKUP(A71,'Price list'!J:J,'Price list'!K:K),0) -> 34000 | C71: Kg | H71: =IF(G71=0,"",_xlfn.XLOOKUP(G71,List_item!A:A,List_item!B:B)) | I71: 0 | J71: =IF(F71/J$5>0,F71/J$5,I71/J$5) -> 0 | K71: =+B71*(F71+I71) -> 0 | L71: =IFERROR(((K71/$K$11)*$F$11)/(F71+I71),0) -> 0 | M71: =+L71*(F71+I71) -> 0 | N71: =IF(L71=0,0,B71-L71) -> 0 | O71: =+K71-M71 -> 0
A72: AU 1.9 Grade A | B72: =_xlfn.IFNA(_xlfn.XLOOKUP(A72,'Price list'!J:J,'Price list'!K:K),0) -> 34000 | C72: Kg | H72: =IF(G72=0,"",_xlfn.XLOOKUP(G72,List_item!A:A,List_item!B:B)) | I72: 0 | J72: =IF(F72/J$5>0,F72/J$5,I72/J$5) -> 0 | K72: =+B72*(F72+I72) -> 0 | L72: =IFERROR(((K72/$K$11)*$F$11)/(F72+I72),0) -> 0 | M72: =+L72*(F72+I72) -> 0 | N72: =IF(L72=0,0,B72-L72) -> 0 | O72: =+K72-M72 -> 0
A73: AU 2.0 Grade A | B73: =_xlfn.IFNA(_xlfn.XLOOKUP(A73,'Price list'!J:J,'Price list'!K:K),0) -> 34000 | C73: Kg | H73: =IF(G73=0,"",_xlfn.XLOOKUP(G73,List_item!A:A,List_item!B:B)) | I73: 0 | J73: =IF(F73/J$5>0,F73/J$5,I73/J$5) -> 0 | K73: =+B73*(F73+I73) -> 0 | L73: =IFERROR(((K73/$K$11)*$F$11)/(F73+I73),0)+IFERROR(((K73/SUMIF(H:H,"*Boneless*",K:K))*$F$6)/I73,0) -> 0 | M73: =+L73*(F73+I73) -> 0 | N73: =IF(L73=0,0,B73-L73) -> 0 | O73: =+K73-M73 -> 0 | P73: =IFERROR(((K73/SUMIF(H:H,"*Boneless*",K:K))*$F$6),0) -> 0 | Q73: =SUMIF(H:H,"*Boneless*",K:K) -> 25941500
A74: AU 1.45 Grade A | B74: =_xlfn.IFNA(_xlfn.XLOOKUP(A74,'Price list'!J:J,'Price list'!K:K),0) -> 0 | C74: Kg | H74: =IF(G74=0,"",_xlfn.XLOOKUP(G74,List_item!A:A,List_item!B:B)) | I74: 0 | J74: =IF(F74/J$5>0,F74/J$5,I74/J$5) -> 0 | K74: =+B74*(F74+I74) -> 0 | L74: =IFERROR(((K74/$K$11)*$F$11)/(F74+I74),0) -> 0 | M74: =+L74*(F74+I74) -> 0 | N74: =IF(L74=0,0,B74-L74) -> 0 | O74: =+K74-M74 -> 0
A75: AU MIX | B75: =_xlfn.IFNA(_xlfn.XLOOKUP(A75,'Price list'!J:J,'Price list'!K:K),0) -> 0 | C75: Kg | H75: =IF(G75=0,"",_xlfn.XLOOKUP(G75,List_item!A:A,List_item!B:B)) | I75: 0 | J75: =IF(F75/J$5>0,F75/J$5,I75/J$5) -> 0 | K75: =+B75*(F75+I75) -> 0 | L75: =IFERROR(((K75/$K$11)*$F$11)/(F75+I75),0) -> 0 | M75: =+L75*(F75+I75) -> 0 | N75: =IF(L75=0,0,B75-L75) -> 0 | O75: =+K75-M75 -> 0
A76: BLD A | B76: =_xlfn.IFNA(_xlfn.XLOOKUP(A76,'Price list'!J:J,'Price list'!K:K),0) -> 45000 | C76: Kg | H76: =IF(G76=0,"",_xlfn.XLOOKUP(G76,List_item!A:A,List_item!B:B)) | I76: 0 | J76: =IF(F76/J$5>0,F76/J$5,I76/J$5) -> 0 | K76: =+B76*(F76+I76) -> 0 | L76: =IFERROR(((K76/$K$11)*$F$11)/(F76+I76),0) -> 0 | M76: =+L76*(F76+I76) -> 0 | N76: =IF(L76=0,0,B76-L76) -> 0 | O76: =+K76-M76 -> 0
A77: BLD R | B77: =_xlfn.IFNA(_xlfn.XLOOKUP(A77,'Price list'!J:J,'Price list'!K:K),0) -> 0 | C77: Kg | H77: =IF(G77=0,"",_xlfn.XLOOKUP(G77,List_item!A:A,List_item!B:B)) | I77: 0 | J77: =IF(F77/J$5>0,F77/J$5,I77/J$5) -> 0 | K77: =+B77*(F77+I77) -> 0 | L77: =IFERROR(((K77/$K$11)*$F$11)/(F77+I77),0) -> 0 | M77: =+L77*(F77+I77) -> 0 | N77: =IF(L77=0,0,B77-L77) -> 0 | O77: =+K77-M77 -> 0
A78: BLP A | B78: =_xlfn.IFNA(_xlfn.XLOOKUP(A78,'Price list'!J:J,'Price list'!K:K),0) -> 44000 | C78: Kg | H78: =IF(G78=0,"",_xlfn.XLOOKUP(G78,List_item!A:A,List_item!B:B)) | I78: 0 | J78: =IF(F78/J$5>0,F78/J$5,I78/J$5) -> 0 | K78: =+B78*(F78+I78) -> 0 | L78: =IFERROR(((K78/$K$11)*$F$11)/(F78+I78),0) -> 0 | M78: =+L78*(F78+I78) -> 0 | N78: =IF(L78=0,0,B78-L78) -> 0 | O78: =+K78-M78 -> 0
A79: BLP R | B79: =_xlfn.IFNA(_xlfn.XLOOKUP(A79,'Price list'!J:J,'Price list'!K:K),0) -> 0 | C79: Kg | H79: =IF(G79=0,"",_xlfn.XLOOKUP(G79,List_item!A:A,List_item!B:B)) | I79: 0 | J79: =IF(F79/J$5>0,F79/J$5,I79/J$5) -> 0 | K79: =+B79*(F79+I79) -> 0 | L79: =IFERROR(((K79/$K$11)*$F$11)/(F79+I79),0) -> 0 | M79: =+L79*(F79+I79) -> 0 | N79: =IF(L79=0,0,B79-L79) -> 0 | O79: =+K79-M79 -> 0
A80: SAYAP R | B80: =_xlfn.IFNA(_xlfn.XLOOKUP(A80,'Price list'!J:J,'Price list'!K:K),0) -> 0 | C80: Kg | H80: =IF(G80=0,"",_xlfn.XLOOKUP(G80,List_item!A:A,List_item!B:B)) | I80: 0 | J80: =IF(F80/J$5>0,F80/J$5,I80/J$5) -> 0 | K80: =+B80*(F80+I80) -> 0 | L80: =IFERROR(((K80/$K$11)*$F$11)/(F80+I80),0) -> 0 | M80: =+L80*(F80+I80) -> 0 | N80: =IF(L80=0,0,B80-L80) -> 0 | O80: =+K80-M80 -> 0
A81: Ampela Ayam | B81: =_xlfn.IFNA(_xlfn.XLOOKUP(A81,'Price list'!J:J,'Price list'!K:K),0) -> 0 | C81: Kg | H81: =IF(G81=0,"",_xlfn.XLOOKUP(G81,List_item!A:A,List_item!B:B)) | I81: 0 | J81: =IF(F81/J$5>0,F81/J$5,I81/J$5) -> 0 | K81: =+B81*(F81+I81) -> 0 | L81: =IFERROR(((K81/$K$11)*$F$11)/(F81+I81),0) -> 0 | M81: =+L81*(F81+I81) -> 0 | N81: =IF(L81=0,0,B81-L81) -> 0 | O81: =+K81-M81 -> 0
A82: HATI ayam | B82: =_xlfn.IFNA(_xlfn.XLOOKUP(A82,'Price list'!J:J,'Price list'!K:K),0) -> 0 | C82: Kg | H82: =IF(G82=0,"",_xlfn.XLOOKUP(G82,List_item!A:A,List_item!B:B)) | I82: 0 | J82: =IF(F82/J$5>0,F82/J$5,I82/J$5) -> 0 | K82: =+B82*(F82+I82) -> 0 | L82: =IFERROR(((K82/$K$11)*$F$11)/(F82+I82),0) -> 0 | M82: =+L82*(F82+I82) -> 0 | N82: =IF(L82=0,0,B82-L82) -> 0 | O82: =+K82-M82 -> 0
A83: Kulit Leher (Trading) | B83: =_xlfn.IFNA(_xlfn.XLOOKUP(A83,'Price list'!J:J,'Price list'!K:K),0) -> 0 | C83: Kg | H83: =IF(G83=0,"",_xlfn.XLOOKUP(G83,List_item!A:A,List_item!B:B)) | I83: 0 | J83: =IF(F83/J$5>0,F83/J$5,I83/J$5) -> 0 | K83: =+B83*(F83+I83) -> 0 | L83: =IFERROR(((K83/$K$11)*$F$11)/(F83+I83),0)+IFERROR(((K83/SUMIF(H:H,"*Boneless*",K:K))*$F$6)/I83,0) -> 0 | M83: =+L83*(F83+I83) -> 0 | N83: =IF(L83=0,0,B83-L83) -> 0 | O83: =+K83-M83 -> 0 | P83: =IFERROR(((K83/SUMIF(H:H,"*Boneless*",K:K))*$F$6),0) -> 0 | Q83: =SUMIF(H:H,"*Boneless*",K:K) -> 25941500
A84: TULANG MUDA | B84: =_xlfn.IFNA(_xlfn.XLOOKUP(A84,'Price list'!J:J,'Price list'!K:K),0) -> 0 | C84: Kg
A85: karkas amindo R | B85: =_xlfn.IFNA(_xlfn.XLOOKUP(A85,'Price list'!J:J,'Price list'!K:K),0) -> 0 | C85: Kg
A86: Lemak Trimming | B86: =_xlfn.IFNA(_xlfn.XLOOKUP(A86,'Price list'!J:J,'Price list'!K:K),0) -> 36000 | C86: Kg
A89: Dibuat Oleh, | G89: Diperiksa Oleh,

Sheet Pot_ISA29
I1: =+I9/E11 -> 3.7082857
A2: Harga Perolehan | G2: Ref. Dokumen
A3: Live Bird | B3: =((3100+3300+3202.8+3300+3354.8)+(3100))*25000 -> 4.8394e+08 | G3: 062/09/INVALBERTUS/2026 & 061/09/INVALBERTUS/2026 | H3: PI26090094 & PI26090093 | I3: Supplier | J3: ALBERTUS
A4: Biaya Ekspedisi | B4: =5*1500000 -> 7500000 | G4: INV 29 SEP | H4: PI26090077 | I4: Tgl. Potong | J4: 46294 | K4: HASIL POTONG | M4: SUSUT | N4: Ayam Mati | O4: KG Mati
A5: Biaya Potong | B5: 26303974 | G5: RPB-RPA/26/IX/00241 | H5: PI26090078 | I5: Total KG LB | J5: =(3100+3300+3202.8+3300+3354.8)+3100 -> 19357.6 | K5: 18248.4 | L5: =J5-K5 -> 1109.2 | M5: =L5/J5 -> 0.057300492 | N5: =4+4+2+10+36+4 -> 60 | O5: =5.2+6.2+3.2+17.4+48.3+5.8 -> 86.1
A6: Total | B6: =SUBTOTAL(9,B3:B5) -> 5.1774397e+08 | E6: Biaya BL
B7: =B6+F6 -> 5.1774397e+08
I9: =J9+3300.2*2 -> 25958 | J9: =J5-J7 -> 19357.6 | K9: Est. GP Margin | L9: =SUM(K12:K64)/M11-1 -> -0.031035173
A10: Produk | B10: Price/Kg | C10: Satuan | E10: SKU Fresh | F10: Non Blasting | G10: No. SKU | H10: Item Name | I10: Qty | J10: Yield | K10: Est. Harga Jual | L10: COGS/Kg | M10: COGS/Item | N10: (Price/Kg - COGS/Kg) | O10: (Est. Harga Jual - COGS/Item) | P10: Notes
E11: 7000 | F11: =+B6 -> 5.1774397e+08 | I11: =SUM(I12:I87) -> 16560.4 | J11: =SUM(J12:J87) -> 0.85549862 | K11: =SUM(K12:K87) -> 506989900 | M11: =SUM(M12:M87) -> 5.1774397e+08 | O11: =SUM(O12:O87) -> -10754074
A12: AU 0.3 | B12: =_xlfn.IFNA(_xlfn.XLOOKUP(A12,'Price list'!J:J,'Price list'!K:K),0) -> 0 | C12: Kg | H12: =IF(G12=0,"",_xlfn.XLOOKUP(G12,List_item!A:A,List_item!B:B)) | I12: 0 | J12: =IF(F12/J$5>0,F12/J$5,I12/J$5) -> 0 | K12: =+B12*(F12+I12) -> 0 | L12: =IFERROR(((K12/$K$11)*$F$11)/(F12+I12),0) -> 0 | M12: =+L12*(F12+I12) -> 0 | N12: =IF(L12=0,0,B12-L12) -> 0 | O12: =+K12-M12 -> 0
A13: AU 0.4 | B13: =_xlfn.IFNA(_xlfn.XLOOKUP(A13,'Price list'!J:J,'Price list'!K:K),0) -> 0 | C13: Kg | H13: =IF(G13=0,"",_xlfn.XLOOKUP(G13,List_item!A:A,List_item!B:B)) | I13: 0 | J13: =IF(F13/J$5>0,F13/J$5,I13/J$5) -> 0 | K13: =+B13*(F13+I13) -> 0 | L13: =IFERROR(((K13/$K$11)*$F$11)/(F13+I13),0) -> 0 | M13: =+L13*(F13+I13) -> 0 | N13: =IF(L13=0,0,B13-L13) -> 0 | O13: =+K13-M13 -> 0
A14: AU 0.5 | B14: =_xlfn.IFNA(_xlfn.XLOOKUP(A14,'Price list'!J:J,'Price list'!K:K),0) -> 37000 | C14: Kg | G14: JLB1865 | H14: =IF(G14=0,"",_xlfn.XLOOKUP(G14,List_item!A:A,List_item!B:B)) -> Karkas Uk 0.5 Karkas Uk 0.5 Frozen Premium | I14: 4.1 | J14: =IF(F14/J$5>0,F14/J$5,I14/J$5) -> 0.00021180312 | K14: =+B14*(F14+I14) -> 151700 | L14: =IFERROR(((K14/$K$11)*$F$11)/(F14+I14),0) -> 37784.83 | M14: =+L14*(F14+I14) -> 154917.8 | N14: =IF(L14=0,0,B14-L14) -> -784.82969 | O14: =+K14-M14 -> -3217.8017
A15: AU 0.6 | B15: =_xlfn.IFNA(_xlfn.XLOOKUP(A15,'Price list'!J:J,'Price list'!K:K),0) -> 37000 | C15: Kg | G15: JLB1866 | H15: =IF(G15=0,"",_xlfn.XLOOKUP(G15,List_item!A:A,List_item!B:B)) -> Karkas Uk 0.6 Karkas Uk 0.6 Frozen Premium | I15: 41.8 | J15: =IF(F15/J$5>0,F15/J$5,I15/J$5) -> 0.0021593586 | K15: =+B15*(F15+I15) -> 1546600 | L15: =IFERROR(((K15/$K$11)*$F$11)/(F15+I15),0) -> 37784.83 | M15: =+L15*(F15+I15) -> 1579405.9 | N15: =IF(L15=0,0,B15-L15) -> -784.82969 | O15: =+K15-M15 -> -32805.881
A16: AU 0.7 | B16: =_xlfn.IFNA(_xlfn.XLOOKUP(A16,'Price list'!J:J,'Price list'!K:K),0) -> 37000 | C16: Kg | G16: JLB1867 | H16: =IF(G16=0,"",_xlfn.XLOOKUP(G16,List_item!A:A,List_item!B:B)) -> Karkas Uk 0.7 Karkas Uk 0.7 Frozen Premium | I16: 257.2 | J16: =IF(F16/J$5>0,F16/J$5,I16/J$5) -> 0.013286771 | K16: =+B16*(F16+I16) -> 9516400 | L16: =IFERROR(((K16/$K$11)*$F$11)/(F16+I16),0) -> 37784.83 | M16: =+L16*(F16+I16) -> 9718258.2 | N16: =IF(L16=0,0,B16-L16) -> -784.82969 | O16: =+K16-M16 -> -201858.2
A17: AU 0.8 | B17: =_xlfn.IFNA(_xlfn.XLOOKUP(A17,'Price list'!J:J,'Price list'!K:K),0) -> 37000 | C17: Kg | G17: JLB1859 | H17: =IF(G17=0,"",_xlfn.XLOOKUP(G17,List_item!A:A,List_item!B:B)) -> Karkas Uk 0.8 Frozen Premium | I17: 300.2 | J17: =IF(F17/J$5>0,F17/J$5,I17/J$5) -> 0.015508121 | K17: =+B17*(F17+I17) -> 11107400 | L17: =IFERROR(((K17/$K$11)*$F$11)/(F17+I17),0) -> 37784.83 | M17: =+L17*(F17+I17) -> 11343006 | N17: =IF(L17=0,0,B17-L17) -> -784.82969 | O17: =+K17-M17 -> -235605.87
A18: AU 0.9 | B18: =_xlfn.IFNA(_xlfn.XLOOKUP(A18,'Price list'!J:J,'Price list'!K:K),0) -> 37000 | C18: Kg | G18: JLB1858 | H18: =IF(G18=0,"",_xlfn.XLOOKUP(G18,List_item!A:A,List_item!B:B)) -> Karkas Uk 0.9 Frozen Premium | I18: 1575.3 | J18: =IF(F18/J$5>0,F18/J$5,I18/J$5) -> 0.08137889 | K18: =+B18*(F18+I18) -> 58286100 | L18: =IFERROR(((K18/$K$11)*$F$11)/(F18+I18),0) -> 37784.83 | M18: =+L18*(F18+I18) -> 59522442 | N18: =IF(L18=0,0,B18-L18) -> -784.82969 | O18: =+K18-M18 -> -1236342.2
A19: AU 0.9 | B19: =_xlfn.IFNA(_xlfn.XLOOKUP(A19,'Price list'!J:J,'Price list'!K:K),0) -> 37000 | C19: Kg | G19: JLB0593 | H19: =IF(G19=0,"",_xlfn.XLOOKUP(G19,List_item!A:A,List_item!B:B)) -> Karkas Uk 0.9 Karkas Uk 0.9 Fresh Premium | I19: 570.2 | J19: =IF(F19/J$5>0,F19/J$5,I19/J$5) -> 0.029456131 | K19: =+B19*(F19+I19) -> 21097400 | L19: =IFERROR(((K19/$K$11)*$F$11)/(F19+I19),0) -> 37784.83 | M19: =+L19*(F19+I19) -> 21544910 | N19: =IF(L19=0,0,B19-L19) -> -784.82969 | O19: =+K19-M19 -> -447509.89
A20: AU 1.0 | B20: =_xlfn.IFNA(_xlfn.XLOOKUP(A20,'Price list'!J:J,'Price list'!K:K),0) -> 37000 | C20: Kg | G20: JLB0690 | H20: =IF(G20=0,"",_xlfn.XLOOKUP(G20,List_item!A:A,List_item!B:B)) -> Karkas Uk 1.0 Karkas Uk 1.0 Frozen Premium | I20: 828 | J20: =IF(F20/J$5>0,F20/J$5,I20/J$5) -> 0.042773898 | K20: =+B20*(F20+I20) -> 30636000 | L20: =IFERROR(((K20/$K$11)*$F$11)/(F20+I20),0) -> 37784.83 | M20: =+L20*(F20+I20) -> 31285839 | N20: =IF(L20=0,0,B20-L20) -> -784.82969 | O20: =+K20-M20 -> -649838.98
A21: AU 1.0 | B21: =_xlfn.IFNA(_xlfn.XLOOKUP(A21,'Price list'!J:J,'Price list'!K:K),0) -> 37000 | C21: Kg | G21: JLB0658 | H21: =IF(G21=0,"",_xlfn.XLOOKUP(G21,List_item!A:A,List_item!B:B)) -> Karkas Uk 1.0 Karkas Uk 1.0 Fresh Premium | I21: 1264.9 | J21: =IF(F21/J$5>0,F21/J$5,I21/J$5) -> 0.065343844 | K21: =+B21*(F21+I21) -> 46801300 | L21: =IFERROR(((K21/$K$11)*$F$11)/(F21+I21),0) -> 37784.83 | M21: =+L21*(F21+I21) -> 47794031 | N21: =IF(L21=0,0,B21-L21) -> -784.82969 | O21: =+K21-M21 -> -992731.08
A22: AU 1.1 | B22: =_xlfn.IFNA(_xlfn.XLOOKUP(A22,'Price list'!J:J,'Price list'!K:K),0) -> 37000 | C22: Kg | G22: JLB0756 | H22: =IF(G22=0,"",_xlfn.XLOOKUP(G22,List_item!A:A,List_item!B:B)) -> Karkas Uk 1.1 Karkas Uk 1.1 Frozen Premium | I22: 1195.7 | J22: =IF(F22/J$5>0,F22/J$5,I22/J$5) -> 0.061769021 | K22: =+B22*(F22+I22) -> 44240900 | L22: =IFERROR(((K22/$K$11)*$F$11)/(F22+I22),0) -> 37784.83 | M22: =+L22*(F22+I22) -> 45179321 | N22: =IF(L22=0,0,B22-L22) -> -784.82969 | O22: =+K22-M22 -> -938420.86
A23: AU 1.1 | B23: =_xlfn.IFNA(_xlfn.XLOOKUP(A23,'Price list'!J:J,'Price list'!K:K),0) -> 37000 | C23: Kg | G23: JLB0724 | H23: =IF(G23=0,"",_xlfn.XLOOKUP(G23,List_item!A:A,List_item!B:B)) -> Karkas Uk 1.1 Karkas Uk 1.1 Fresh Premium | I23: 1772.6 | J23: =IF(F23/J$5>0,F23/J$5,I23/J$5) -> 0.091571269 | K23: =+B23*(F23+I23) -> 65586200 | L23: =IFERROR(((K23/$K$11)*$F$11)/(F23+I23),0) -> 37784.83 | M23: =+L23*(F23+I23) -> 66977389 | N23: =IF(L23=0,0,B23-L23) -> -784.82969 | O23: =+K23-M23 -> -1391189.1
A24: AU 1.2 | B24: =_xlfn.IFNA(_xlfn.XLOOKUP(A24,'Price list'!J:J,'Price list'!K:K),0) -> 37000 | C24: Kg | G24: JLB0822 | H24: =IF(G24=0,"",_xlfn.XLOOKUP(G24,List_item!A:A,List_item!B:B)) -> Karkas Uk 1.2 Karkas Uk 1.2 Frozen Premium | I24: 2295.7 | J24: =IF(F24/J$5>0,F24/J$5,I24/J$5) -> 0.11859425 | K24: =+B24*(F24+I24) -> 84940900 | L24: =IFERROR(((K24/$K$11)*$F$11)/(F24+I24),0) -> 37784.83 | M24: =+L24*(F24+I24) -> 86742634 | N24: =IF(L24=0,0,B24-L24) -> -784.82969 | O24: =+K24-M24 -> -1801733.5
A25: AU 1.3 | B25: =_xlfn.IFNA(_xlfn.XLOOKUP(A25,'Price list'!J:J,'Price list'!K:K),0) -> 37000 | C25: Kg | G25: JLB0888 | H25: =IF(G25=0,"",_xlfn.XLOOKUP(G25,List_item!A:A,List_item!B:B)) -> Karkas Uk 1.3 Karkas Uk 1.3 Frozen Premium | I25: 885.5 | J25: =IF(F25/J$5>0,F25/J$5,I25/J$5) -> 0.045744307 | K25: =+B25*(F25+I25) -> 32763500 | L25: =IFERROR(((K25/$K$11)*$F$11)/(F25+I25),0) -> 37784.83 | M25: =+L25*(F25+I25) -> 33458467 | N25: =IF(L25=0,0,B25-L25) -> -784.82969 | O25: =+K25-M25 -> -694966.69
... A28: AU 1.6 | B28: =_xlfn.IFNA(_xlfn.XLOOKUP(A28,'Price list'!J:J,'Price list'!K:K),0) -> 37000 | C28: Kg | G28: JLB1086 | H28: =IF(G28=0,"",_xlfn.XLOOKUP(G28,List_item!A:A,List_item!B:B)) -> Karkas Uk 1.6 Karkas Uk 1.6 Frozen Premium | I28: 8.3 | J28: =IF(F28/J$5>0,F28/J$5,I28/J$5) -> 0.00042877216 | K28: =+B28*(F28+I28) -> 307100 | L28: =IFERROR(((K28/$K$11)*$F$11)/(F28+I28),0) -> 37784.83 | M28: =+L28*(F28+I28) -> 313614.09 | N28: =IF(L28=0,0,B28-L28) -> -784.82969 | O28: =+K28-M28 -> -6514.0864
A29: AU 1.7 | B29: =_xlfn.IFNA(_xlfn.XLOOKUP(A29,'Price list'!J:J,'Price list'!K:K),0) -> 37000 | C29: Kg | H29: =IF(G29=0,"",_xlfn.XLOOKUP(G29,List_item!A:A,List_item!B:B)) | I29: 0 | J29: =IF(F29/J$5>0,F29/J$5,I29/J$5) -> 0 | K29: =+B29*(F29+I29) -> 0 | L29: =IFERROR(((K29/$K$11)*$F$11)/(F29+I29),0) -> 0 | M29: =+L29*(F29+I29) -> 0 | N29: =IF(L29=0,0,B29-L29) -> 0 | O29: =+K29-M29 -> 0
A30: AU 1.8 | B30: =_xlfn.IFNA(_xlfn.XLOOKUP(A30,'Price list'!J:J,'Price list'!K:K),0) -> 37000 | C30: Kg | H30: =IF(G30=0,"",_xlfn.XLOOKUP(G30,List_item!A:A,List_item!B:B)) | I30: 0 | J30: =IF(F30/J$5>0,F30/J$5,I30/J$5) -> 0 | K30: =+B30*(F30+I30) -> 0 | L30: =IFERROR(((K30/$K$11)*$F$11)/(F30+I30),0) -> 0 | M30: =+L30*(F30+I30) -> 0 | N30: =IF(L30=0,0,B30-L30) -> 0 | O30: =+K30-M30 -> 0
A31: AU 1.9 | B31: =_xlfn.IFNA(_xlfn.XLOOKUP(A31,'Price list'!J:J,'Price list'!K:K),0) -> 37000 | C31: Kg | H31: =IF(G31=0,"",_xlfn.XLOOKUP(G31,List_item!A:A,List_item!B:B)) | I31: 0 | J31: =IF(F31/J$5>0,F31/J$5,I31/J$5) -> 0 | K31: =+B31*(F31+I31) -> 0 | L31: =IFERROR(((K31/$K$11)*$F$11)/(F31+I31),0) -> 0 | M31: =+L31*(F31+I31) -> 0 | N31: =IF(L31=0,0,B31-L31) -> 0 | O31: =+K31-M31 -> 0
A32: AU 2.0 | B32: =_xlfn.IFNA(_xlfn.XLOOKUP(A32,'Price list'!J:J,'Price list'!K:K),0) -> 37000 | C32: Kg | H32: =IF(G32=0,"",_xlfn.XLOOKUP(G32,List_item!A:A,List_item!B:B)) | I32: 0 | J32: =IF(F32/J$5>0,F32/J$5,I32/J$5) -> 0 | K32: =+B32*(F32+I32) -> 0 | L32: =IFERROR(((K32/$K$11)*$F$11)/(F32+I32),0)+IFERROR(((K32/SUMIF(H:H,"*Boneless*",K:K))*$F$6)/I32,0) -> 0 | M32: =+L32*(F32+I32) -> 0 | N32: =IF(L32=0,0,B32-L32) -> 0 | O32: =+K32-M32 -> 0 | P32: =IFERROR(((K32/SUMIF(H:H,"*Boneless*",K:K))*$F$6),0) -> 0 | Q32: =SUMIF(H:H,"*Boneless*",K:K) -> 25268200
A33: AU UP | B33: =_xlfn.IFNA(_xlfn.XLOOKUP(A33,'Price list'!J:J,'Price list'!K:K),0) -> 0 | C33: Kg | H33: =IF(G33=0,"",_xlfn.XLOOKUP(G33,List_item!A:A,List_item!B:B)) | I33: 0 | J33: =IF(F33/J$5>0,F33/J$5,I33/J$5) -> 0 | K33: =+B33*(F33+I33) -> 0 | L33: =IFERROR(((K33/$K$11)*$F$11)/(F33+I33),0) -> 0 | M33: =+L33*(F33+I33) -> 0 | N33: =IF(L33=0,0,B33-L33) -> 0 | O33: =+K33-M33 -> 0
A34: BLD | B34: =_xlfn.IFNA(_xlfn.XLOOKUP(A34,'Price list'!J:J,'Price list'!K:K),0) -> 50000 | C34: Kg | H34: =IF(G34=0,"",_xlfn.XLOOKUP(G34,List_item!A:A,List_item!B:B)) | I34: 0 | J34: =IF(F34/J$5>0,F34/J$5,I34/J$5) -> 0 | K34: =+B34*(F34+I34) -> 0 | L34: =IFERROR(((K34/$K$11)*$F$11)/(F34+I34),0)+IFERROR(((K34/SUMIF(H:H,"*Boneless*",K:K))*$F$6)/I34,0) -> 0 | M34: =+L34*(F34+I34) -> 0 | N34: =IF(L34=0,0,B34-L34) -> 0 | O34: =+K34-M34 -> 0 | P34: =IFERROR(((K34/SUMIF(H:H,"*Boneless*",K:K))*$F$6),0) -> 0 | Q34: =SUMIF(H:H,"*Boneless*",K:K) -> 25268200
A35: BLPK | B35: =_xlfn.IFNA(_xlfn.XLOOKUP(A35,'Price list'!J:J,'Price list'!K:K),0) -> 48000 | C35: Kg | H35: =IF(G35=0,"",_xlfn.XLOOKUP(G35,List_item!A:A,List_item!B:B)) | I35: 0 | J35: =IF(F35/J$5>0,F35/J$5,I35/J$5) -> 0 | K35: =+B35*(F35+I35) -> 0 | L35: =IFERROR(((K35/$K$11)*$F$11)/(F35+I35),0)+IFERROR(((K35/SUMIF(H:H,"*Boneless*",K:K))*$F$6)/I35,0) -> 0 | M35: =+L35*(F35+I35) -> 0 | N35: =IF(L35=0,0,B35-L35) -> 0 | O35: =+K35-M35 -> 0 | P35: =IFERROR(((K35/SUMIF(H:H,"*Boneless*",K:K))*$F$6),0) -> 0 | Q35: =SUMIF(H:H,"*Boneless*",K:K) -> 25268200
A36: BLP | B36: =_xlfn.IFNA(_xlfn.XLOOKUP(A36,'Price list'!J:J,'Price list'!K:K),0) -> 49000 | C36: Kg | H36: =IF(G36=0,"",_xlfn.XLOOKUP(G36,List_item!A:A,List_item!B:B)) | I36: 0 | J36: =IF(F36/J$5>0,F36/J$5,I36/J$5) -> 0 | K36: =+B36*(F36+I36) -> 0 | L36: =IFERROR(((K36/$K$11)*$F$11)/(F36+I36),0)+IFERROR(((K36/SUMIF(H:H,"*Boneless*",K:K))*$F$6)/I36,0) -> 0 | M36: =+L36*(F36+I36) -> 0 | N36: =IF(L36=0,0,B36-L36) -> 0 | O36: =+K36-M36 -> 0 | P36: =IFERROR(((K36/SUMIF(H:H,"*Boneless*",K:K))*$F$6),0) -> 0 | Q36: =SUMIF(H:H,"*Boneless*",K:K) -> 25268200
A37: Krk | B37: =_xlfn.IFNA(_xlfn.XLOOKUP(A37,'Price list'!J:J,'Price list'!K:K),0) -> 12500 | C37: Kg | H37: =IF(G37=0,"",_xlfn.XLOOKUP(G37,List_item!A:A,List_item!B:B)) | I37: 0 | J37: =IF(F37/J$5>0,F37/J$5,I37/J$5) -> 0 | K37: =+B37*(F37+I37) -> 0 | L37: =IFERROR(((K37/$K$11)*$F$11)/(F37+I37),0)+IFERROR(((K37/SUMIF(H:H,"*Boneless*",K:K))*$F$6)/I37,0) -> 0 | M37: =+L37*(F37+I37) -> 0 | N37: =IF(L37=0,0,B37-L37) -> 0 | O37: =+K37-M37 -> 0 | P37: =IFERROR(((K37/SUMIF(H:H,"*Boneless*",K:K))*$F$6),0) -> 0 | Q37: =SUMIF(H:H,"*Boneless*",K:K) -> 25268200
A38: kulit | B38: =_xlfn.IFNA(_xlfn.XLOOKUP(A38,'Price list'!J:J,'Price list'!K:K),0) -> 32000 | C38: Kg | H38: =IF(G38=0,"",_xlfn.XLOOKUP(G38,List_item!A:A,List_item!B:B)) | I38: 0 | J38: =IF(F38/J$5>0,F38/J$5,I38/J$5) -> 0 | K38: =+B38*(F38+I38) -> 0 | L38: =IFERROR(((K38/$K$11)*$F$11)/(F38+I38),0)+IFERROR(((K38/SUMIF(H:H,"*Boneless*",K:K))*$F$6)/I38,0) -> 0 | M38: =+L38*(F38+I38) -> 0 | N38: =IF(L38=0,0,B38-L38) -> 0 | O38: =+K38-M38 -> 0 | P38: =IFERROR(((K38/SUMIF(H:H,"*Boneless*",K:K))*$F$6),0) -> 0 | Q38: =SUMIF(H:H,"*Boneless*",K:K) -> 25268200
A39: Sayap | B39: =_xlfn.IFNA(_xlfn.XLOOKUP(A39,'Price list'!J:J,'Price list'!K:K),0) -> 36000 | C39: Kg | H39: =IF(G39=0,"",_xlfn.XLOOKUP(G39,List_item!A:A,List_item!B:B)) | I39: 0 | J39: =IF(F39/J$5>0,F39/J$5,I39/J$5) -> 0 | K39: =+B39*(F39+I39) -> 0 | L39: =IFERROR(((K39/$K$11)*$F$11)/(F39+I39),0)+IFERROR(((K39/SUMIF(H:H,"*Boneless*",K:K))*$F$6)/I39,0) -> 0 | M39: =+L39*(F39+I39) -> 0 | N39: =IF(L39=0,0,B39-L39) -> 0 | O39: =+K39-M39 -> 0 | P39: =IFERROR(((K39/SUMIF(H:H,"*Boneless*",K:K))*$F$6),0) -> 0 | Q39: =SUMIF(H:H,"*Boneless*",K:K) -> 25268200
A40: Sayap grade A | B40: =_xlfn.IFNA(_xlfn.XLOOKUP(A40,'Price list'!J:J,'Price list'!K:K),0) -> 32000 | C40: Kg | H40: =IF(G40=0,"",_xlfn.XLOOKUP(G40,List_item!A:A,List_item!B:B)) | I40: 0 | J40: =IF(F40/J$5>0,F40/J$5,I40/J$5) -> 0 | K40: =+B40*(F40+I40) -> 0 | L40: =IFERROR(((K40/$K$11)*$F$11)/(F40+I40),0) -> 0 | M40: =+L40*(F40+I40) -> 0 | N40: =IF(L40=0,0,B40-L40) -> 0 | O40: =+K40-M40 -> 0
A41: TLP | B41: =_xlfn.IFNA(_xlfn.XLOOKUP(A41,'Price list'!J:J,'Price list'!K:K),0) -> 5000 | C41: Kg | H41: =IF(G41=0,"",_xlfn.XLOOKUP(G41,List_item!A:A,List_item!B:B)) | I41: 0 | J41: =IF(F41/J$5>0,F41/J$5,I41/J$5) -> 0 | K41: =+B41*(F41+I41) -> 0 | L41: =IFERROR(((K41/$K$11)*$F$11)/(F41+I41),0) -> 0 | M41: =+L41*(F41+I41) -> 0 | N41: =IF(L41=0,0,B41-L41) -> 0 | O41: =+K41-M41 -> 0
A42: Paha Bawah | B42: =_xlfn.IFNA(_xlfn.XLOOKUP(A42,'Price list'!J:J,'Price list'!K:K),0) -> 35000 | C42: Kg | H42: =IF(G42=0,"",_xlfn.XLOOKUP(G42,List_item!A:A,List_item!B:B)) | I42: 0 | J42: =IF(F42/J$5>0,F42/J$5,I42/J$5) -> 0 | K42: =+B42*(F42+I42) -> 0 | L42: =IFERROR(((K42/$K$11)*$F$11)/(F42+I42),0) -> 0 | M42: =+L42*(F42+I42) -> 0 | N42: =IF(L42=0,0,B42-L42) -> 0 | O42: =+K42-M42 -> 0
A43: Lemak | B43: =_xlfn.IFNA(_xlfn.XLOOKUP(A43,'Price list'!J:J,'Price list'!K:K),0) -> 24000 | C43: Kg | G43: JLB0177 | H43: =IF(G43=0,"",_xlfn.XLOOKUP(G43,List_item!A:A,List_item!B:B)) -> Boneless BL Frozen Lemak | I43: 68 | J43: =IF(F43/J$5>0,F43/J$5,I43/J$5) -> 0.0035128322 | K43: =+B43*(F43+I43) -> 1632000 | L43: =IFERROR(((K43/$K$11)*$F$11)/(F43+I43),0) -> 24509.079 | M43: =+L43*(F43+I43) -> 1666617.4 | N43: =IF(L43=0,0,B43-L43) -> -509.07872 | O43: =+K43-M43 -> -34617.353
A44: Kepala | B44: =_xlfn.IFNA(_xlfn.XLOOKUP(A44,'Price list'!J:J,'Price list'!K:K),0) -> 9500 | C44: Kg | G44: JLB0092 | H44: =IF(G44=0,"",_xlfn.XLOOKUP(G44,List_item!A:A,List_item!B:B)) -> Boneless BL Fresh Kepala | I44: 915.9 | J44: =IF(F44/J$5>0,F44/J$5,I44/J$5) -> 0.04731475 | K44: =+B44*(F44+I44) -> 8701050 | L44: =IFERROR(((K44/$K$11)*$F$11)/(F44+I44),0) -> 9701.5103 | M44: =+L44*(F44+I44) -> 8885613.3 | N44: =IF(L44=0,0,B44-L44) -> -201.51033 | O44: =+K44-M44 -> -184563.31
A45: Ceker | B45: =_xlfn.IFNA(_xlfn.XLOOKUP(A45,'Price list'!J:J,'Price list'!K:K),0) -> 16000 | C45: Kg | G45: JLB0078 | H45: =IF(G45=0,"",_xlfn.XLOOKUP(G45,List_item!A:A,List_item!B:B)) -> Boneless BL Fresh Ceker | I45: 570.7 | J45: =IF(F45/J$5>0,F45/J$5,I45/J$5) -> 0.029481961 | K45: =+B45*(F45+I45) -> 9131200 | L45: =IFERROR(((K45/$K$11)*$F$11)/(F45+I45),0) -> 16339.386 | M45: =+L45*(F45+I45) -> 9324887.5 | N45: =IF(L45=0,0,B45-L45) -> -339.38581 | O45: =+K45-M45 -> -193687.48 | P45: ?
A46: HJA | B46: =_xlfn.IFNA(_xlfn.XLOOKUP(A46,'Price list'!J:J,'Price list'!K:K),0) -> 4500 | C46: Kg | H46: =IF(G46=0,"",_xlfn.XLOOKUP(G46,List_item!A:A,List_item!B:B)) | I46: 0 | J46: =IF(F46/J$5>0,F46/J$5,I46/J$5) -> 0 | K46: =+B46*(F46+I46) -> 0 | L46: =IFERROR(((K46/$K$11)*$F$11)/(F46+I46),0)+IFERROR(((K46/SUMIF(H:H,"*Boneless*",K:K))*$F$6)/I46,0) -> 0 | M46: =+L46*(F46+I46) -> 0 | N46: =IF(L46=0,0,B46-L46) -> 0 | O46: =+K46-M46 -> 0 | P46: =IFERROR(((K46/SUMIF(H:H,"*Boneless*",K:K))*$F$6),0) -> 0 | Q46: =SUMIF(H:H,"*Boneless*",K:K) -> 25268200
A47: Usus | B47: =_xlfn.IFNA(_xlfn.XLOOKUP(A47,'Price list'!J:J,'Price list'!K:K),0) -> 1500 | C47: Kg | G47: JLB0135 | H47: =IF(G47=0,"",_xlfn.XLOOKUP(G47,List_item!A:A,List_item!B:B)) -> Boneless BL Fresh Usus Kotor | I47: 833 | J47: =IF(F47/J$5>0,F47/J$5,I47/J$5) -> 0.043032194 | K47: =+B47*(F47+I47) -> 1249500 | L47: =IFERROR(((K47/$K$11)*$F$11)/(F47+I47),0) -> 1531.8174 | M47: =+L47*(F47+I47) -> 1276003.9 | N47: =IF(L47=0,0,B47-L47) -> -31.81742 | O47: =+K47-M47 -> -26503.911
A48: Tungir | B48: =_xlfn.IFNA(_xlfn.XLOOKUP(A48,'Price list'!J:J,'Price list'!K:K),0) -> 22000 | C48: Kg | H48: =IF(G48=0,"",_xlfn.XLOOKUP(G48,List_item!A:A,List_item!B:B)) | I48: 0 | J48: =IF(F48/J$5>0,F48/J$5,I48/J$5) -> 0 | K48: =+B48*(F48+I48) -> 0 | L48: =IFERROR(((K48/$K$11)*$F$11)/(F48+I48),0) -> 0 | M48: =+L48*(F48+I48) -> 0 | N48: =IF(L48=0,0,B48-L48) -> 0 | O48: =+K48-M48 -> 0
A49: Jantung | B49: =_xlfn.IFNA(_xlfn.XLOOKUP(A49,'Price list'!J:J,'Price list'!K:K),0) -> 16000 | C49: Kg | H49: =IF(G49=0,"",_xlfn.XLOOKUP(G49,List_item!A:A,List_item!B:B)) | I49: 0 | J49: =IF(F49/J$5>0,F49/J$5,I49/J$5) -> 0 | K49: =+B49*(F49+I49) -> 0 | L49: =IFERROR(((K49/$K$11)*$F$11)/(F49+I49),0) -> 0 | M49: =+L49*(F49+I49) -> 0 | N49: =IF(L49=0,0,B49-L49) -> 0 | O49: =+K49-M49 -> 0
A50: Ceker B | B50: =_xlfn.IFNA(_xlfn.XLOOKUP(A50,'Price list'!J:J,'Price list'!K:K),0) -> 5000 | C50: Kg | H50: =IF(G50=0,"",_xlfn.XLOOKUP(G50,List_item!A:A,List_item!B:B)) | I50: 0 | J50: =IF(F50/J$5>0,F50/J$5,I50/J$5) -> 0 | K50: =+B50*(F50+I50) -> 0 | L50: =IFERROR(((K50/$K$11)*$F$11)/(F50+I50),0) -> 0 | M50: =+L50*(F50+I50) -> 0 | N50: =IF(L50=0,0,B50-L50) -> 0 | O50: =+K50-M50 -> 0
A51: Giblet | B51: =_xlfn.IFNA(_xlfn.XLOOKUP(A51,'Price list'!J:J,'Price list'!K:K),0) -> 4500 | C51: Kg | G51: JLB0080 | H51: =IF(G51=0,"",_xlfn.XLOOKUP(G51,List_item!A:A,List_item!B:B)) -> Boneless BL Fresh HJA | I51: 1012.1 | J51: =IF(F51/J$5>0,F51/J$5,I51/J$5) -> 0.052284374 | K51: =+B51*(F51+I51) -> 4554450 | L51: =IFERROR(((K51/$K$11)*$F$11)/(F51+I51),0) -> 4595.4523 | M51: =+L51*(F51+I51) -> 4651057.2 | N51: =IF(L51=0,0,B51-L51) -> -95.45226 | O51: =+K51-M51 -> -96607.232
A52: BLD Grade D | B52: =_xlfn.IFNA(_xlfn.XLOOKUP(A52,'Price list'!J:J,'Price list'!K:K),0) -> 0 | C52: Kg | H52: =IF(G52=0,"",_xlfn.XLOOKUP(G52,List_item!A:A,List_item!B:B)) | I52: 0 | J52: =IF(F52/J$5>0,F52/J$5,I52/J$5) -> 0 | K52: =+B52*(F52+I52) -> 0 | L52: =IFERROR(((K52/$K$11)*$F$11)/(F52+I52),0) -> 0 | M52: =+L52*(F52+I52) -> 0 | N52: =IF(L52=0,0,B52-L52) -> 0 | O52: =+K52-M52 -> 0
A53: BLP Grade D | B53: =_xlfn.IFNA(_xlfn.XLOOKUP(A53,'Price list'!J:J,'Price list'!K:K),0) -> 0 | C53: Kg | H53: =IF(G53=0,"",_xlfn.XLOOKUP(G53,List_item!A:A,List_item!B:B)) | I53: 0 | J53: =IF(F53/J$5>0,F53/J$5,I53/J$5) -> 0 | K53: =+B53*(F53+I53) -> 0 | L53: =IFERROR(((K53/$K$11)*$F$11)/(F53+I53),0) -> 0 | M53: =+L53*(F53+I53) -> 0 | N53: =IF(L53=0,0,B53-L53) -> 0 | O53: =+K53-M53 -> 0
A54: AU 0.3 Grade A | B54: =_xlfn.IFNA(_xlfn.XLOOKUP(A54,'Price list'!J:J,'Price list'!K:K),0) -> 0 | C54: Kg | H54: =IF(G54=0,"",_xlfn.XLOOKUP(G54,List_item!A:A,List_item!B:B)) | I54: 0 | J54: =IF(F54/J$5>0,F54/J$5,I54/J$5) -> 0 | K54: =+B54*(F54+I54) -> 0 | L54: =IFERROR(((K54/$K$11)*$F$11)/(F54+I54),0) -> 0 | M54: =+L54*(F54+I54) -> 0 | N54: =IF(L54=0,0,B54-L54) -> 0 | O54: =+K54-M54 -> 0
A55: AU 0.4 Grade A | B55: =_xlfn.IFNA(_xlfn.XLOOKUP(A55,'Price list'!J:J,'Price list'!K:K),0) -> 34000 | C55: Kg | H55: =IF(G55=0,"",_xlfn.XLOOKUP(G55,List_item!A:A,List_item!B:B)) | I55: 0 | J55: =IF(F55/J$5>0,F55/J$5,I55/J$5) -> 0 | K55: =+B55*(F55+I55) -> 0 | L55: =IFERROR(((K55/$K$11)*$F$11)/(F55+I55),0) -> 0 | M55: =+L55*(F55+I55) -> 0 | N55: =IF(L55=0,0,B55-L55) -> 0 | O55: =+K55-M55 -> 0
A56: AU 0.5 Grade A | B56: =_xlfn.IFNA(_xlfn.XLOOKUP(A56,'Price list'!J:J,'Price list'!K:K),0) -> 34000 | C56: Kg | H56: =IF(G56=0,"",_xlfn.XLOOKUP(G56,List_item!A:A,List_item!B:B)) | I56: 0 | J56: =IF(F56/J$5>0,F56/J$5,I56/J$5) -> 0 | K56: =+B56*(F56+I56) -> 0 | L56: =IFERROR(((K56/$K$11)*$F$11)/(F56+I56),0) -> 0 | M56: =+L56*(F56+I56) -> 0 | N56: =IF(L56=0,0,B56-L56) -> 0 | O56: =+K56-M56 -> 0
A57: AU 0.6 Grade A | B57: =_xlfn.IFNA(_xlfn.XLOOKUP(A57,'Price list'!J:J,'Price list'!K:K),0) -> 34000 | C57: Kg | G57: JLB0403 | H57: =IF(G57=0,"",_xlfn.XLOOKUP(G57,List_item!A:A,List_item!B:B)) -> Karkas Uk 0.6 Karkas Uk 0.6 Frozen Grade A | I57: 11.1 | J57: =IF(F57/J$5>0,F57/J$5,I57/J$5) -> 0.00057341819 | K57: =+B57*(F57+I57) -> 377400 | L57: =IFERROR(((K57/$K$11)*$F$11)/(F57+I57),0) -> 34721.195 | M57: =+L57*(F57+I57) -> 385405.26 | N57: =IF(L57=0,0,B57-L57) -> -721.19485 | O57: =+K57-M57 -> -8005.2629
A58: AU 0.7 Grade A | B58: =_xlfn.IFNA(_xlfn.XLOOKUP(A58,'Price list'!J:J,'Price list'!K:K),0) -> 34000 | C58: Kg | G58: JLB0468 | H58: =IF(G58=0,"",_xlfn.XLOOKUP(G58,List_item!A:A,List_item!B:B)) -> Karkas Uk 0.7 Karkas Uk 0.7 Frozen Grade A | I58: 21.6 | J58: =IF(F58/J$5>0,F58/J$5,I58/J$5) -> 0.0011158408 | K58: =+B58*(F58+I58) -> 734400 | L58: =IFERROR(((K58/$K$11)*$F$11)/(F58+I58),0) -> 34721.195 | M58: =+L58*(F58+I58) -> 749977.81 | N58: =IF(L58=0,0,B58-L58) -> -721.19485 | O58: =+K58-M58 -> -15577.809
A59: AU 0.8 Grade A | B59: =_xlfn.IFNA(_xlfn.XLOOKUP(A59,'Price list'!J:J,'Price list'!K:K),0) -> 34000 | C59: Kg | G59: JLB0533 | H59: =IF(G59=0,"",_xlfn.XLOOKUP(G59,List_item!A:A,List_item!B:B)) -> Karkas Uk 0.8 Karkas Uk 0.8 Frozen Grade A | I59: 73 | J59: =IF(F59/J$5>0,F59/J$5,I59/J$5) -> 0.0037711287 | K59: =+B59*(F59+I59) -> 2482000 | L59: =IFERROR(((K59/$K$11)*$F$11)/(F59+I59),0) -> 34721.195 | M59: =+L59*(F59+I59) -> 2534647.2 | N59: =IF(L59=0,0,B59-L59) -> -721.19485 | O59: =+K59-M59 -> -52647.224
A60: AU 0.9 Grade A | B60: =_xlfn.IFNA(_xlfn.XLOOKUP(A60,'Price list'!J:J,'Price list'!K:K),0) -> 34000 | C60: Kg | G60: JLB0598 | H60: =IF(G60=0,"",_xlfn.XLOOKUP(G60,List_item!A:A,List_item!B:B)) -> Karkas Uk 0.9 Karkas Uk 0.9 Frozen Grade A | I60: 186 | J60: =IF(F60/J$5>0,F60/J$5,I60/J$5) -> 0.0096086292 | K60: =+B60*(F60+I60) -> 6324000 | L60: =IFERROR(((K60/$K$11)*$F$11)/(F60+I60),0) -> 34721.195 | M60: =+L60*(F60+I60) -> 6458142.2 | N60: =IF(L60=0,0,B60-L60) -> -721.19485 | O60: =+K60-M60 -> -134142.24
A61: AU 1.0 Grade A | B61: =_xlfn.IFNA(_xlfn.XLOOKUP(A61,'Price list'!J:J,'Price list'!K:K),0) -> 34000 | C61: Kg | G61: JLB0663 | H61: =IF(G61=0,"",_xlfn.XLOOKUP(G61,List_item!A:A,List_item!B:B)) -> Karkas Uk 1.0 Karkas Uk 1.0 Frozen Grade A | I61: 325.3 | J61: =IF(F61/J$5>0,F61/J$5,I61/J$5) -> 0.016804769 | K61: =+B61*(F61+I61) -> 11060200 | L61: =IFERROR(((K61/$K$11)*$F$11)/(F61+I61),0) -> 34721.195 | M61: =+L61*(F61+I61) -> 11294805 | N61: =IF(L61=0,0,B61-L61) -> -721.19485 | O61: =+K61-M61 -> -234604.69
A62: AU 1.1 Grade A | B62: =_xlfn.IFNA(_xlfn.XLOOKUP(A62,'Price list'!J:J,'Price list'!K:K),0) -> 34000 | C62: Kg | G62: JLB0729 | H62: =IF(G62=0,"",_xlfn.XLOOKUP(G62,List_item!A:A,List_item!B:B)) -> Karkas Uk 1.1 Karkas Uk 1.1 Frozen Grade A | I62: 362 | J62: =IF(F62/J$5>0,F62/J$5,I62/J$5) -> 0.018700665 | K62: =+B62*(F62+I62) -> 12308000 | L62: =IFERROR(((K62/$K$11)*$F$11)/(F62+I62),0) -> 34721.195 | M62: =+L62*(F62+I62) -> 12569073 | N62: =IF(L62=0,0,B62-L62) -> -721.19485 | O62: =+K62-M62 -> -261072.54
A63: AU 1.2 Grade A | B63: =_xlfn.IFNA(_xlfn.XLOOKUP(A63,'Price list'!J:J,'Price list'!K:K),0) -> 34000 | C63: Kg | G63: JLB0795 | H63: =IF(G63=0,"",_xlfn.XLOOKUP(G63,List_item!A:A,List_item!B:B)) -> Karkas Uk 1.2 Karkas Uk 1.2 Frozen Grade A | I63: 360.9 | J63: =IF(F63/J$5>0,F63/J$5,I63/J$5) -> 0.01864384 | K63: =+B63*(F63+I63) -> 12270600 | L63: =IFERROR(((K63/$K$11)*$F$11)/(F63+I63),0) -> 34721.195 | M63: =+L63*(F63+I63) -> 12530879 | N63: =IF(L63=0,0,B63-L63) -> -721.19485 | O63: =+K63-M63 -> -260279.22
A64: AU 1.3 Grade A | B64: =_xlfn.IFNA(_xlfn.XLOOKUP(A64,'Price list'!J:J,'Price list'!K:K),0) -> 34000 | C64: Kg | G64: JLB0861 | H64: =IF(G64=0,"",_xlfn.XLOOKUP(G64,List_item!A:A,List_item!B:B)) -> Karkas Uk 1.3 Karkas Uk 1.3 Frozen Grade A | I64: 245.2 | J64: =IF(F64/J$5>0,F64/J$5,I64/J$5) -> 0.01266686 | K64: =+B64*(F64+I64) -> 8336800 | L64: =IFERROR(((K64/$K$11)*$F$11)/(F64+I64),0) -> 34721.195 | M64: =+L64*(F64+I64) -> 8513637 | N64: =IF(L64=0,0,B64-L64) -> -721.19485 | O64: =+K64-M64 -> -176836.98
A65: AU 1.4 Grade A | B65: =_xlfn.IFNA(_xlfn.XLOOKUP(A65,'Price list'!J:J,'Price list'!K:K),0) -> 34000 | C65: Kg | G65: JLB0927 | H65: =IF(G65=0,"",_xlfn.XLOOKUP(G65,List_item!A:A,List_item!B:B)) -> Karkas Uk 1.4 Karkas Uk 1.4 Frozen Grade A | I65: 115.3 | J65: =IF(F65/J$5>0,F65/J$5,I65/J$5) -> 0.0059563169 | K65: =+B65*(F65+I65) -> 3920200 | L65: =IFERROR(((K65/$K$11)*$F$11)/(F65+I65),0) -> 34721.195 | M65: =+L65*(F65+I65) -> 4003353.8 | N65: =IF(L65=0,0,B65-L65) -> -721.19485 | O65: =+K65-M65 -> -83153.766
A66: AU 1.5 Grade A | B66: =_xlfn.IFNA(_xlfn.XLOOKUP(A66,'Price list'!J:J,'Price list'!K:K),0) -> 34000 | C66: Kg | G66: JLB0993 | H66: =IF(G66=0,"",_xlfn.XLOOKUP(G66,List_item!A:A,List_item!B:B)) -> Karkas Uk 1.5 Karkas Uk 1.5 Frozen Grade A | I66: 41 | J66: =IF(F66/J$5>0,F66/J$5,I66/J$5) -> 0.0021180312 | K66: =+B66*(F66+I66) -> 1394000 | L66: =IFERROR(((K66/$K$11)*$F$11)/(F66+I66),0) -> 34721.195 | M66: =+L66*(F66+I66) -> 1423569 | N66: =IF(L66=0,0,B66-L66) -> -721.19485 | O66: =+K66-M66 -> -29568.989
A67: AU 1.6 Grade A | B67: =_xlfn.IFNA(_xlfn.XLOOKUP(A67,'Price list'!J:J,'Price list'!K:K),0) -> 34000 | C67: Kg | H67: =IF(G67=0,"",_xlfn.XLOOKUP(G67,List_item!A:A,List_item!B:B)) | I67: 0 | J67: =IF(F67/J$5>0,F67/J$5,I67/J$5) -> 0 | K67: =+B67*(F67+I67) -> 0 | L67: =IFERROR(((K67/$K$11)*$F$11)/(F67+I67),0) -> 0 | M67: =+L67*(F67+I67) -> 0 | N67: =IF(L67=0,0,B67-L67) -> 0 | O67: =+K67-M67 -> 0
A68: AU 1.7 Grade A | B68: =_xlfn.IFNA(_xlfn.XLOOKUP(A68,'Price list'!J:J,'Price list'!K:K),0) -> 34000 | C68: Kg | H68: =IF(G68=0,"",_xlfn.XLOOKUP(G68,List_item!A:A,List_item!B:B)) | I68: 0 | J68: =IF(F68/J$5>0,F68/J$5,I68/J$5) -> 0 | K68: =+B68*(F68+I68) -> 0 | L68: =IFERROR(((K68/$K$11)*$F$11)/(F68+I68),0) -> 0 | M68: =+L68*(F68+I68) -> 0 | N68: =IF(L68=0,0,B68-L68) -> 0 | O68: =+K68-M68 -> 0
A69: AU 1.8 Grade A | B69: =_xlfn.IFNA(_xlfn.XLOOKUP(A69,'Price list'!J:J,'Price list'!K:K),0) -> 34000 | C69: Kg | H69: =IF(G69=0,"",_xlfn.XLOOKUP(G69,List_item!A:A,List_item!B:B)) | I69: 0 | J69: =IF(F69/J$5>0,F69/J$5,I69/J$5) -> 0 | K69: =+B69*(F69+I69) -> 0 | L69: =IFERROR(((K69/$K$11)*$F$11)/(F69+I69),0)+IFERROR(((K69/SUMIF(H:H,"*Boneless*",K:K))*$F$6)/I69,0) -> 0 | M69: =+L69*(F69+I69) -> 0 | N69: =IF(L69=0,0,B69-L69) -> 0 | O69: =+K69-M69 -> 0 | P69: =IFERROR(((K69/SUMIF(H:H,"*Boneless*",K:K))*$F$6),0) -> 0 | Q69: =SUMIF(H:H,"*Boneless*",K:K) -> 25268200
A70: AU 1.9 Grade A | B70: =_xlfn.IFNA(_xlfn.XLOOKUP(A70,'Price list'!J:J,'Price list'!K:K),0) -> 34000 | C70: Kg | H70: =IF(G70=0,"",_xlfn.XLOOKUP(G70,List_item!A:A,List_item!B:B)) | I70: 0 | J70: =IF(F70/J$5>0,F70/J$5,I70/J$5) -> 0 | K70: =+B70*(F70+I70) -> 0 | L70: =IFERROR(((K70/$K$11)*$F$11)/(F70+I70),0) -> 0 | M70: =+L70*(F70+I70) -> 0 | N70: =IF(L70=0,0,B70-L70) -> 0 | O70: =+K70-M70 -> 0
A71: AU 2.0 Grade A | B71: =_xlfn.IFNA(_xlfn.XLOOKUP(A71,'Price list'!J:J,'Price list'!K:K),0) -> 34000 | C71: Kg | H71: =IF(G71=0,"",_xlfn.XLOOKUP(G71,List_item!A:A,List_item!B:B)) | I71: 0 | J71: =IF(F71/J$5>0,F71/J$5,I71/J$5) -> 0 | K71: =+B71*(F71+I71) -> 0 | L71: =IFERROR(((K71/$K$11)*$F$11)/(F71+I71),0) -> 0 | M71: =+L71*(F71+I71) -> 0 | N71: =IF(L71=0,0,B71-L71) -> 0 | O71: =+K71-M71 -> 0
A72: AU 1.45 Grade A | B72: =_xlfn.IFNA(_xlfn.XLOOKUP(A72,'Price list'!J:J,'Price list'!K:K),0) -> 0 | C72: Kg | H72: =IF(G72=0,"",_xlfn.XLOOKUP(G72,List_item!A:A,List_item!B:B)) | I72: 0 | J72: =IF(F72/J$5>0,F72/J$5,I72/J$5) -> 0 | K72: =+B72*(F72+I72) -> 0 | L72: =IFERROR(((K72/$K$11)*$F$11)/(F72+I72),0) -> 0 | M72: =+L72*(F72+I72) -> 0 | N72: =IF(L72=0,0,B72-L72) -> 0 | O72: =+K72-M72 -> 0
A73: AU MIX | B73: =_xlfn.IFNA(_xlfn.XLOOKUP(A73,'Price list'!J:J,'Price list'!K:K),0) -> 0 | C73: Kg | H73: =IF(G73=0,"",_xlfn.XLOOKUP(G73,List_item!A:A,List_item!B:B)) | I73: 0 | J73: =IF(F73/J$5>0,F73/J$5,I73/J$5) -> 0 | K73: =+B73*(F73+I73) -> 0 | L73: =IFERROR(((K73/$K$11)*$F$11)/(F73+I73),0) -> 0 | M73: =+L73*(F73+I73) -> 0 | N73: =IF(L73=0,0,B73-L73) -> 0 | O73: =+K73-M73 -> 0
A74: BLD A | B74: =_xlfn.IFNA(_xlfn.XLOOKUP(A74,'Price list'!J:J,'Price list'!K:K),0) -> 45000 | C74: Kg | H74: =IF(G74=0,"",_xlfn.XLOOKUP(G74,List_item!A:A,List_item!B:B)) | I74: 0 | J74: =IF(F74/J$5>0,F74/J$5,I74/J$5) -> 0 | K74: =+B74*(F74+I74) -> 0 | L74: =IFERROR(((K74/$K$11)*$F$11)/(F74+I74),0) -> 0 | M74: =+L74*(F74+I74) -> 0 | N74: =IF(L74=0,0,B74-L74) -> 0 | O74: =+K74-M74 -> 0
A75: BLD R | B75: =_xlfn.IFNA(_xlfn.XLOOKUP(A75,'Price list'!J:J,'Price list'!K:K),0) -> 0 | C75: Kg | H75: =IF(G75=0,"",_xlfn.XLOOKUP(G75,List_item!A:A,List_item!B:B)) | I75: 0 | J75: =IF(F75/J$5>0,F75/J$5,I75/J$5) -> 0 | K75: =+B75*(F75+I75) -> 0 | L75: =IFERROR(((K75/$K$11)*$F$11)/(F75+I75),0) -> 0 | M75: =+L75*(F75+I75) -> 0 | N75: =IF(L75=0,0,B75-L75) -> 0 | O75: =+K75-M75 -> 0
A76: BLP A | B76: =_xlfn.IFNA(_xlfn.XLOOKUP(A76,'Price list'!J:J,'Price list'!K:K),0) -> 44000 | C76: Kg | H76: =IF(G76=0,"",_xlfn.XLOOKUP(G76,List_item!A:A,List_item!B:B)) | I76: 0 | J76: =IF(F76/J$5>0,F76/J$5,I76/J$5) -> 0 | K76: =+B76*(F76+I76) -> 0 | L76: =IFERROR(((K76/$K$11)*$F$11)/(F76+I76),0) -> 0 | M76: =+L76*(F76+I76) -> 0 | N76: =IF(L76=0,0,B76-L76) -> 0 | O76: =+K76-M76 -> 0
A77: BLP R | B77: =_xlfn.IFNA(_xlfn.XLOOKUP(A77,'Price list'!J:J,'Price list'!K:K),0) -> 0 | C77: Kg | H77: =IF(G77=0,"",_xlfn.XLOOKUP(G77,List_item!A:A,List_item!B:B)) | I77: 0 | J77: =IF(F77/J$5>0,F77/J$5,I77/J$5) -> 0 | K77: =+B77*(F77+I77) -> 0 | L77: =IFERROR(((K77/$K$11)*$F$11)/(F77+I77),0) -> 0 | M77: =+L77*(F77+I77) -> 0 | N77: =IF(L77=0,0,B77-L77) -> 0 | O77: =+K77-M77 -> 0
A78: SAYAP R | B78: =_xlfn.IFNA(_xlfn.XLOOKUP(A78,'Price list'!J:J,'Price list'!K:K),0) -> 0 | C78: Kg | H78: =IF(G78=0,"",_xlfn.XLOOKUP(G78,List_item!A:A,List_item!B:B)) | I78: 0 | J78: =IF(F78/J$5>0,F78/J$5,I78/J$5) -> 0 | K78: =+B78*(F78+I78) -> 0 | L78: =IFERROR(((K78/$K$11)*$F$11)/(F78+I78),0) -> 0 | M78: =+L78*(F78+I78) -> 0 | N78: =IF(L78=0,0,B78-L78) -> 0 | O78: =+K78-M78 -> 0
A79: Ampela Ayam | B79: =_xlfn.IFNA(_xlfn.XLOOKUP(A79,'Price list'!J:J,'Price list'!K:K),0) -> 0 | C79: Kg | H79: =IF(G79=0,"",_xlfn.XLOOKUP(G79,List_item!A:A,List_item!B:B)) | I79: 0 | J79: =IF(F79/J$5>0,F79/J$5,I79/J$5) -> 0 | K79: =+B79*(F79+I79) -> 0 | L79: =IFERROR(((K79/$K$11)*$F$11)/(F79+I79),0)+IFERROR(((K79/SUMIF(H:H,"*Boneless*",K:K))*$F$6)/I79,0) -> 0 | M79: =+L79*(F79+I79) -> 0 | N79: =IF(L79=0,0,B79-L79) -> 0 | O79: =+K79-M79 -> 0 | P79: =IFERROR(((K79/SUMIF(H:H,"*Boneless*",K:K))*$F$6),0) -> 0 | Q79: =SUMIF(H:H,"*Boneless*",K:K) -> 25268200
A80: HATI ayam | B80: =_xlfn.IFNA(_xlfn.XLOOKUP(A80,'Price list'!J:J,'Price list'!K:K),0) -> 0 | C80: Kg
A81: Kulit Leher (Trading) | B81: =_xlfn.IFNA(_xlfn.XLOOKUP(A81,'Price list'!J:J,'Price list'!K:K),0) -> 0 | C81: Kg
A82: TULANG MUDA | B82: =_xlfn.IFNA(_xlfn.XLOOKUP(A82,'Price list'!J:J,'Price list'!K:K),0) -> 0 | C82: Kg
A83: karkas amindo R | B83: =_xlfn.IFNA(_xlfn.XLOOKUP(A83,'Price list'!J:J,'Price list'!K:K),0) -> 0 | C83: Kg
A84: Lemak Trimming | B84: =_xlfn.IFNA(_xlfn.XLOOKUP(A84,'Price list'!J:J,'Price list'!K:K),0) -> 36000 | C84: Kg
A87: Dibuat Oleh, | G87: Diperiksa Oleh,

Sheet Pot_AGRO30
I1: =+I9/E11 -> 2.2229429
A2: Harga Perolehan | G2: Ref. Dokumen
A3: Live Bird | B3: =J5*24700 -> 2.2131694e+08 | G3: #14 | I3: Supplier | J3: Agus Wibowo
A4: Biaya Ekspedisi | B4: =2*2000000 -> 4000000 | G4: INV 30 SEP | H4: PI26090091 | I4: Tgl. Potong | J4: 46295 | K4: HASIL POTONG | M4: SUSUT | N4: Ayam Mati | O4: KG Mati
A5: Biaya Potong | B5: 13029090 | G5: SI.2026.09.00224 | H5: PENDING | I5: Total KG LB | J5: =4251.9+4708.3 -> 8960.2 | K5: 8686.06 | L5: =J5-K5 -> 274.14 | M5: =L5/J5 -> 0.030595299
A6: Total | B6: =SUBTOTAL(9,B3:B5) -> 2.3834603e+08 | E6: Biaya BL | F6: 4566065
B7: =B6+F6 -> 2.429121e+08
I9: =J9+3300.2*2 -> 15560.6 | J9: =J5-J7 -> 8960.2 | K9: Est. GP Margin | L9: =SUM(K12:K66)/M11-1 -> #DIV/0!
A10: Produk | B10: Price/Kg | C10: Satuan | E10: SKU Fresh | F10: Non Blasting | G10: No. SKU | H10: Item Name | I10: Qty | J10: Yield | K10: Est. Harga Jual | L10: COGS/Kg | M10: COGS/Item | N10: (Price/Kg - COGS/Kg) | O10: (Est. Harga Jual - COGS/Item) | P10: Notes
E11: 7000 | F11: =+B6 -> 2.3834603e+08 | I11: =SUM(I12:I83) -> 0 | J11: =SUM(J12:J83) -> 0 | K11: =SUM(K12:K83) -> 0 | M11: =SUM(M12:M83) -> 0 | O11: =SUM(O12:O83) -> 0
A12: AU 0.3 | B12: =_xlfn.IFNA(_xlfn.XLOOKUP(A12,'Price list'!J:J,'Price list'!K:K),0) -> 0 | C12: Kg | H12: =IF(G12=0,"",_xlfn.XLOOKUP(G12,List_item!A:A,List_item!B:B)) | I12: 0 | J12: =IF(F12/J$5>0,F12/J$5,I12/J$5) -> 0 | K12: =+B12*(F12+I12) -> 0 | L12: =IFERROR(((K12/$K$11)*$F$11)/(F12+I12),0) -> 0 | M12: =+L12*(F12+I12) -> 0 | N12: =IF(L12=0,0,B12-L12) -> 0 | O12: =+K12-M12 -> 0
A13: AU 0.4 | B13: =_xlfn.IFNA(_xlfn.XLOOKUP(A13,'Price list'!J:J,'Price list'!K:K),0) -> 0 | C13: Kg | H13: =IF(G13=0,"",_xlfn.XLOOKUP(G13,List_item!A:A,List_item!B:B)) | I13: 0 | J13: =IF(F13/J$5>0,F13/J$5,I13/J$5) -> 0 | K13: =+B13*(F13+I13) -> 0 | L13: =IFERROR(((K13/$K$11)*$F$11)/(F13+I13),0) -> 0 | M13: =+L13*(F13+I13) -> 0 | N13: =IF(L13=0,0,B13-L13) -> 0 | O13: =+K13-M13 -> 0
A14: AU 0.5 | B14: =_xlfn.IFNA(_xlfn.XLOOKUP(A14,'Price list'!J:J,'Price list'!K:K),0) -> 37000 | C14: Kg | H14: =IF(G14=0,"",_xlfn.XLOOKUP(G14,List_item!A:A,List_item!B:B)) | I14: 0 | J14: =IF(F14/J$5>0,F14/J$5,I14/J$5) -> 0 | K14: =+B14*(F14+I14) -> 0 | L14: =IFERROR(((K14/$K$11)*$F$11)/(F14+I14),0) -> 0 | M14: =+L14*(F14+I14) -> 0 | N14: =IF(L14=0,0,B14-L14) -> 0 | O14: =+K14-M14 -> 0
A15: AU 0.6 | B15: =_xlfn.IFNA(_xlfn.XLOOKUP(A15,'Price list'!J:J,'Price list'!K:K),0) -> 37000 | C15: Kg | H15: =IF(G15=0,"",_xlfn.XLOOKUP(G15,List_item!A:A,List_item!B:B)) | I15: 0 | J15: =IF(F15/J$5>0,F15/J$5,I15/J$5) -> 0 | K15: =+B15*(F15+I15) -> 0 | L15: =IFERROR(((K15/$K$11)*$F$11)/(F15+I15),0) -> 0 | M15: =+L15*(F15+I15) -> 0 | N15: =IF(L15=0,0,B15-L15) -> 0 | O15: =+K15-M15 -> 0
A16: AU 0.7 | B16: =_xlfn.IFNA(_xlfn.XLOOKUP(A16,'Price list'!J:J,'Price list'!K:K),0) -> 37000 | C16: Kg | H16: =IF(G16=0,"",_xlfn.XLOOKUP(G16,List_item!A:A,List_item!B:B)) | I16: 0 | J16: =IF(F16/J$5>0,F16/J$5,I16/J$5) -> 0 | K16: =+B16*(F16+I16) -> 0 | L16: =IFERROR(((K16/$K$11)*$F$11)/(F16+I16),0) -> 0 | M16: =+L16*(F16+I16) -> 0 | N16: =IF(L16=0,0,B16-L16) -> 0 | O16: =+K16-M16 -> 0
A17: AU 0.8 | B17: =_xlfn.IFNA(_xlfn.XLOOKUP(A17,'Price list'!J:J,'Price list'!K:K),0) -> 37000 | C17: Kg | H17: =IF(G17=0,"",_xlfn.XLOOKUP(G17,List_item!A:A,List_item!B:B)) | I17: 0 | J17: =IF(F17/J$5>0,F17/J$5,I17/J$5) -> 0 | K17: =+B17*(F17+I17) -> 0 | L17: =IFERROR(((K17/$K$11)*$F$11)/(F17+I17),0) -> 0 | M17: =+L17*(F17+I17) -> 0 | N17: =IF(L17=0,0,B17-L17) -> 0 | O17: =+K17-M17 -> 0
A18: AU 0.9 | B18: =_xlfn.IFNA(_xlfn.XLOOKUP(A18,'Price list'!J:J,'Price list'!K:K),0) -> 37000 | C18: Kg | H18: =IF(G18=0,"",_xlfn.XLOOKUP(G18,List_item!A:A,List_item!B:B)) | I18: 0 | J18: =IF(F18/J$5>0,F18/J$5,I18/J$5) -> 0 | K18: =+B18*(F18+I18) -> 0 | L18: =IFERROR(((K18/$K$11)*$F$11)/(F18+I18),0) -> 0 | M18: =+L18*(F18+I18) -> 0 | N18: =IF(L18=0,0,B18-L18) -> 0 | O18: =+K18-M18 -> 0
A19: AU 1.0 | B19: =_xlfn.IFNA(_xlfn.XLOOKUP(A19,'Price list'!J:J,'Price list'!K:K),0) -> 37000 | C19: Kg | H19: =IF(G19=0,"",_xlfn.XLOOKUP(G19,List_item!A:A,List_item!B:B)) | I19: 0 | J19: =IF(F19/J$5>0,F19/J$5,I19/J$5) -> 0 | K19: =+B19*(F19+I19) -> 0 | L19: =IFERROR(((K19/$K$11)*$F$11)/(F19+I19),0) -> 0 | M19: =+L19*(F19+I19) -> 0 | N19: =IF(L19=0,0,B19-L19) -> 0 | O19: =+K19-M19 -> 0
A20: AU 1.1 | B20: =_xlfn.IFNA(_xlfn.XLOOKUP(A20,'Price list'!J:J,'Price list'!K:K),0) -> 37000 | C20: Kg | H20: =IF(G20=0,"",_xlfn.XLOOKUP(G20,List_item!A:A,List_item!B:B)) | I20: 0 | J20: =IF(F20/J$5>0,F20/J$5,I20/J$5) -> 0 | K20: =+B20*(F20+I20) -> 0 | L20: =IFERROR(((K20/$K$11)*$F$11)/(F20+I20),0) -> 0 | M20: =+L20*(F20+I20) -> 0 | N20: =IF(L20=0,0,B20-L20) -> 0 | O20: =+K20-M20 -> 0
A21: AU 1.2 | B21: =_xlfn.IFNA(_xlfn.XLOOKUP(A21,'Price list'!J:J,'Price list'!K:K),0) -> 37000 | C21: Kg | H21: =IF(G21=0,"",_xlfn.XLOOKUP(G21,List_item!A:A,List_item!B:B)) | I21: 0 | J21: =IF(F21/J$5>0,F21/J$5,I21/J$5) -> 0 | K21: =+B21*(F21+I21) -> 0 | L21: =IFERROR(((K21/$K$11)*$F$11)/(F21+I21),0) -> 0 | M21: =+L21*(F21+I21) -> 0 | N21: =IF(L21=0,0,B21-L21) -> 0 | O21: =+K21-M21 -> 0
A22: AU 1.3 | B22: =_xlfn.IFNA(_xlfn.XLOOKUP(A22,'Price list'!J:J,'Price list'!K:K),0) -> 37000 | C22: Kg | H22: =IF(G22=0,"",_xlfn.XLOOKUP(G22,List_item!A:A,List_item!B:B)) | I22: 0 | J22: =IF(F22/J$5>0,F22/J$5,I22/J$5) -> 0 | K22: =+B22*(F22+I22) -> 0 | L22: =IFERROR(((K22/$K$11)*$F$11)/(F22+I22),0) -> 0 | M22: =+L22*(F22+I22) -> 0 | N22: =IF(L22=0,0,B22-L22) -> 0 | O22: =+K22-M22 -> 0
A23: AU 1.4 | B23: =_xlfn.IFNA(_xlfn.XLOOKUP(A23,'Price list'!J:J,'Price list'!K:K),0) -> 37000 | C23: Kg | H23: =IF(G23=0,"",_xlfn.XLOOKUP(G23,List_item!A:A,List_item!B:B)) | I23: 0 | J23: =IF(F23/J$5>0,F23/J$5,I23/J$5) -> 0 | K23: =+B23*(F23+I23) -> 0 | L23: =IFERROR(((K23/$K$11)*$F$11)/(F23+I23),0) -> 0 | M23: =+L23*(F23+I23) -> 0 | N23: =IF(L23=0,0,B23-L23) -> 0 | O23: =+K23-M23 -> 0
... A30: AU UP | B30: =_xlfn.IFNA(_xlfn.XLOOKUP(A30,'Price list'!J:J,'Price list'!K:K),0) -> 0 | C30: Kg | H30: =IF(G30=0,"",_xlfn.XLOOKUP(G30,List_item!A:A,List_item!B:B)) | I30: 0 | J30: =IF(F30/J$5>0,F30/J$5,I30/J$5) -> 0 | K30: =+B30*(F30+I30) -> 0 | L30: =IFERROR(((K30/$K$11)*$F$11)/(F30+I30),0) -> 0 | M30: =+L30*(F30+I30) -> 0 | N30: =IF(L30=0,0,B30-L30) -> 0 | O30: =+K30-M30 -> 0
A31: BLD | B31: =_xlfn.IFNA(_xlfn.XLOOKUP(A31,'Price list'!J:J,'Price list'!K:K),0) -> 50000 | C31: Kg | H31: =IF(G31=0,"",_xlfn.XLOOKUP(G31,List_item!A:A,List_item!B:B)) | I31: 0 | J31: =IF(F31/J$5>0,F31/J$5,I31/J$5) -> 0 | K31: =+B31*(F31+I31) -> 0 | L31: =IFERROR(((K31/$K$11)*$F$11)/(F31+I31),0)+IFERROR(((K31/SUMIF(H:H,"*Boneless*",K:K))*$F$6)/I31,0) -> 0 | M31: =+L31*(F31+I31) -> 0 | N31: =IF(L31=0,0,B31-L31) -> 0 | O31: =+K31-M31 -> 0 | P31: =IFERROR(((K31/SUMIF(H:H,"*Boneless*",K:K))*$F$6),0) -> 0 | Q31: =SUMIF(H:H,"*Boneless*",K:K) -> 0
A32: BLPK | B32: =_xlfn.IFNA(_xlfn.XLOOKUP(A32,'Price list'!J:J,'Price list'!K:K),0) -> 48000 | C32: Kg | H32: =IF(G32=0,"",_xlfn.XLOOKUP(G32,List_item!A:A,List_item!B:B)) | I32: 0 | J32: =IF(F32/J$5>0,F32/J$5,I32/J$5) -> 0 | K32: =+B32*(F32+I32) -> 0 | L32: =IFERROR(((K32/$K$11)*$F$11)/(F32+I32),0) -> 0 | M32: =+L32*(F32+I32) -> 0 | N32: =IF(L32=0,0,B32-L32) -> 0 | O32: =+K32-M32 -> 0
A33: BLP | B33: =_xlfn.IFNA(_xlfn.XLOOKUP(A33,'Price list'!J:J,'Price list'!K:K),0) -> 49000 | C33: Kg | H33: =IF(G33=0,"",_xlfn.XLOOKUP(G33,List_item!A:A,List_item!B:B)) | I33: 0 | J33: =IF(F33/J$5>0,F33/J$5,I33/J$5) -> 0 | K33: =+B33*(F33+I33) -> 0 | L33: =IFERROR(((K33/$K$11)*$F$11)/(F33+I33),0)+IFERROR(((K33/SUMIF(H:H,"*Boneless*",K:K))*$F$6)/I33,0) -> 0 | M33: =+L33*(F33+I33) -> 0 | N33: =IF(L33=0,0,B33-L33) -> 0 | O33: =+K33-M33 -> 0 | P33: =IFERROR(((K33/SUMIF(H:H,"*Boneless*",K:K))*$F$6),0) -> 0 | Q33: =SUMIF(H:H,"*Boneless*",K:K) -> 0
A34: Krk | B34: =_xlfn.IFNA(_xlfn.XLOOKUP(A34,'Price list'!J:J,'Price list'!K:K),0) -> 12500 | C34: Kg | H34: =IF(G34=0,"",_xlfn.XLOOKUP(G34,List_item!A:A,List_item!B:B)) | I34: 0 | J34: =IF(F34/J$5>0,F34/J$5,I34/J$5) -> 0 | K34: =+B34*(F34+I34) -> 0 | L34: =IFERROR(((K34/$K$11)*$F$11)/(F34+I34),0)+IFERROR(((K34/SUMIF(H:H,"*Boneless*",K:K))*$F$6)/I34,0) -> 0 | M34: =+L34*(F34+I34) -> 0 | N34: =IF(L34=0,0,B34-L34) -> 0 | O34: =+K34-M34 -> 0 | P34: =IFERROR(((K34/SUMIF(H:H,"*Boneless*",K:K))*$F$6),0) -> 0 | Q34: =SUMIF(H:H,"*Boneless*",K:K) -> 0
A35: kulit | B35: =_xlfn.IFNA(_xlfn.XLOOKUP(A35,'Price list'!J:J,'Price list'!K:K),0) -> 32000 | C35: Kg | H35: =IF(G35=0,"",_xlfn.XLOOKUP(G35,List_item!A:A,List_item!B:B)) | I35: 0 | J35: =IF(F35/J$5>0,F35/J$5,I35/J$5) -> 0 | K35: =+B35*(F35+I35) -> 0 | L35: =IFERROR(((K35/$K$11)*$F$11)/(F35+I35),0)+IFERROR(((K35/SUMIF(H:H,"*Boneless*",K:K))*$F$6)/I35,0) -> 0 | M35: =+L35*(F35+I35) -> 0 | N35: =IF(L35=0,0,B35-L35) -> 0 | O35: =+K35-M35 -> 0 | P35: =IFERROR(((K35/SUMIF(H:H,"*Boneless*",K:K))*$F$6),0) -> 0 | Q35: =SUMIF(H:H,"*Boneless*",K:K) -> 0
A36: Sayap | B36: =_xlfn.IFNA(_xlfn.XLOOKUP(A36,'Price list'!J:J,'Price list'!K:K),0) -> 36000 | C36: Kg | H36: =IF(G36=0,"",_xlfn.XLOOKUP(G36,List_item!A:A,List_item!B:B)) | I36: 0 | J36: =IF(F36/J$5>0,F36/J$5,I36/J$5) -> 0 | K36: =+B36*(F36+I36) -> 0 | L36: =IFERROR(((K36/$K$11)*$F$11)/(F36+I36),0)+IFERROR(((K36/SUMIF(H:H,"*Boneless*",K:K))*$F$6)/I36,0) -> 0 | M36: =+L36*(F36+I36) -> 0 | N36: =IF(L36=0,0,B36-L36) -> 0 | O36: =+K36-M36 -> 0 | P36: =IFERROR(((K36/SUMIF(H:H,"*Boneless*",K:K))*$F$6),0) -> 0 | Q36: =SUMIF(H:H,"*Boneless*",K:K) -> 0
A37: Sayap grade A | B37: =_xlfn.IFNA(_xlfn.XLOOKUP(A37,'Price list'!J:J,'Price list'!K:K),0) -> 32000 | C37: Kg | H37: =IF(G37=0,"",_xlfn.XLOOKUP(G37,List_item!A:A,List_item!B:B)) | I37: 0 | J37: =IF(F37/J$5>0,F37/J$5,I37/J$5) -> 0 | K37: =+B37*(F37+I37) -> 0 | L37: =IFERROR(((K37/$K$11)*$F$11)/(F37+I37),0)+IFERROR(((K37/SUMIF(H:H,"*Boneless*",K:K))*$F$6)/I37,0) -> 0 | M37: =+L37*(F37+I37) -> 0 | N37: =IF(L37=0,0,B37-L37) -> 0 | O37: =+K37-M37 -> 0 | P37: =IFERROR(((K37/SUMIF(H:H,"*Boneless*",K:K))*$F$6),0) -> 0 | Q37: =SUMIF(H:H,"*Boneless*",K:K) -> 0
A38: TLP | B38: =_xlfn.IFNA(_xlfn.XLOOKUP(A38,'Price list'!J:J,'Price list'!K:K),0) -> 5000 | C38: Kg | H38: =IF(G38=0,"",_xlfn.XLOOKUP(G38,List_item!A:A,List_item!B:B)) | I38: 0 | J38: =IF(F38/J$5>0,F38/J$5,I38/J$5) -> 0 | K38: =+B38*(F38+I38) -> 0 | L38: =IFERROR(((K38/$K$11)*$F$11)/(F38+I38),0)+IFERROR(((K38/SUMIF(H:H,"*Boneless*",K:K))*$F$6)/I38,0) -> 0 | M38: =+L38*(F38+I38) -> 0 | N38: =IF(L38=0,0,B38-L38) -> 0 | O38: =+K38-M38 -> 0 | P38: =IFERROR(((K38/SUMIF(H:H,"*Boneless*",K:K))*$F$6),0) -> 0 | Q38: =SUMIF(H:H,"*Boneless*",K:K) -> 0
A39: Paha Bawah | B39: =_xlfn.IFNA(_xlfn.XLOOKUP(A39,'Price list'!J:J,'Price list'!K:K),0) -> 35000 | C39: Kg | H39: =IF(G39=0,"",_xlfn.XLOOKUP(G39,List_item!A:A,List_item!B:B)) | I39: 0 | J39: =IF(F39/J$5>0,F39/J$5,I39/J$5) -> 0 | K39: =+B39*(F39+I39) -> 0 | L39: =IFERROR(((K39/$K$11)*$F$11)/(F39+I39),0) -> 0 | M39: =+L39*(F39+I39) -> 0 | N39: =IF(L39=0,0,B39-L39) -> 0 | O39: =+K39-M39 -> 0
A40: Lemak | B40: =_xlfn.IFNA(_xlfn.XLOOKUP(A40,'Price list'!J:J,'Price list'!K:K),0) -> 24000 | C40: Kg | H40: =IF(G40=0,"",_xlfn.XLOOKUP(G40,List_item!A:A,List_item!B:B)) | I40: 0 | J40: =IF(F40/J$5>0,F40/J$5,I40/J$5) -> 0 | K40: =+B40*(F40+I40) -> 0 | L40: =IFERROR(((K40/$K$11)*$F$11)/(F40+I40),0) -> 0 | M40: =+L40*(F40+I40) -> 0 | N40: =IF(L40=0,0,B40-L40) -> 0 | O40: =+K40-M40 -> 0
A41: Kepala | B41: =_xlfn.IFNA(_xlfn.XLOOKUP(A41,'Price list'!J:J,'Price list'!K:K),0) -> 9500 | C41: Kg | H41: =IF(G41=0,"",_xlfn.XLOOKUP(G41,List_item!A:A,List_item!B:B)) | I41: 0 | J41: =IF(F41/J$5>0,F41/J$5,I41/J$5) -> 0 | K41: =+B41*(F41+I41) -> 0 | L41: =IFERROR(((K41/$K$11)*$F$11)/(F41+I41),0) -> 0 | M41: =+L41*(F41+I41) -> 0 | N41: =IF(L41=0,0,B41-L41) -> 0 | O41: =+K41-M41 -> 0
A42: Ceker | B42: =_xlfn.IFNA(_xlfn.XLOOKUP(A42,'Price list'!J:J,'Price list'!K:K),0) -> 16000 | C42: Kg | H42: =IF(G42=0,"",_xlfn.XLOOKUP(G42,List_item!A:A,List_item!B:B)) | I42: 0 | J42: =IF(F42/J$5>0,F42/J$5,I42/J$5) -> 0 | K42: =+B42*(F42+I42) -> 0 | L42: =IFERROR(((K42/$K$11)*$F$11)/(F42+I42),0) -> 0 | M42: =+L42*(F42+I42) -> 0 | N42: =IF(L42=0,0,B42-L42) -> 0 | O42: =+K42-M42 -> 0
A43: HJA | B43: =_xlfn.IFNA(_xlfn.XLOOKUP(A43,'Price list'!J:J,'Price list'!K:K),0) -> 4500 | C43: Kg | H43: =IF(G43=0,"",_xlfn.XLOOKUP(G43,List_item!A:A,List_item!B:B)) | I43: 0 | J43: =IF(F43/J$5>0,F43/J$5,I43/J$5) -> 0 | K43: =+B43*(F43+I43) -> 0 | L43: =IFERROR(((K43/$K$11)*$F$11)/(F43+I43),0) -> 0 | M43: =+L43*(F43+I43) -> 0 | N43: =IF(L43=0,0,B43-L43) -> 0 | O43: =+K43-M43 -> 0
A44: Usus | B44: =_xlfn.IFNA(_xlfn.XLOOKUP(A44,'Price list'!J:J,'Price list'!K:K),0) -> 1500 | C44: Kg | H44: =IF(G44=0,"",_xlfn.XLOOKUP(G44,List_item!A:A,List_item!B:B)) | I44: 0 | J44: =IF(F44/J$5>0,F44/J$5,I44/J$5) -> 0 | K44: =+B44*(F44+I44) -> 0 | L44: =IFERROR(((K44/$K$11)*$F$11)/(F44+I44),0) -> 0 | M44: =+L44*(F44+I44) -> 0 | N44: =IF(L44=0,0,B44-L44) -> 0 | O44: =+K44-M44 -> 0 | P44: ?
A45: Tungir | B45: =_xlfn.IFNA(_xlfn.XLOOKUP(A45,'Price list'!J:J,'Price list'!K:K),0) -> 22000 | C45: Kg | H45: =IF(G45=0,"",_xlfn.XLOOKUP(G45,List_item!A:A,List_item!B:B)) | I45: 0 | J45: =IF(F45/J$5>0,F45/J$5,I45/J$5) -> 0 | K45: =+B45*(F45+I45) -> 0 | L45: =IFERROR(((K45/$K$11)*$F$11)/(F45+I45),0)+IFERROR(((K45/SUMIF(H:H,"*Boneless*",K:K))*$F$6)/I45,0) -> 0 | M45: =+L45*(F45+I45) -> 0 | N45: =IF(L45=0,0,B45-L45) -> 0 | O45: =+K45-M45 -> 0 | P45: =IFERROR(((K45/SUMIF(H:H,"*Boneless*",K:K))*$F$6),0) -> 0 | Q45: =SUMIF(H:H,"*Boneless*",K:K) -> 0
A46: Jantung | B46: =_xlfn.IFNA(_xlfn.XLOOKUP(A46,'Price list'!J:J,'Price list'!K:K),0) -> 16000 | C46: Kg | H46: =IF(G46=0,"",_xlfn.XLOOKUP(G46,List_item!A:A,List_item!B:B)) | I46: 0 | J46: =IF(F46/J$5>0,F46/J$5,I46/J$5) -> 0 | K46: =+B46*(F46+I46) -> 0 | L46: =IFERROR(((K46/$K$11)*$F$11)/(F46+I46),0) -> 0 | M46: =+L46*(F46+I46) -> 0 | N46: =IF(L46=0,0,B46-L46) -> 0 | O46: =+K46-M46 -> 0
A47: Ceker B | B47: =_xlfn.IFNA(_xlfn.XLOOKUP(A47,'Price list'!J:J,'Price list'!K:K),0) -> 5000 | C47: Kg | H47: =IF(G47=0,"",_xlfn.XLOOKUP(G47,List_item!A:A,List_item!B:B)) | I47: 0 | J47: =IF(F47/J$5>0,F47/J$5,I47/J$5) -> 0 | K47: =+B47*(F47+I47) -> 0 | L47: =IFERROR(((K47/$K$11)*$F$11)/(F47+I47),0) -> 0 | M47: =+L47*(F47+I47) -> 0 | N47: =IF(L47=0,0,B47-L47) -> 0 | O47: =+K47-M47 -> 0
A48: Giblet | B48: =_xlfn.IFNA(_xlfn.XLOOKUP(A48,'Price list'!J:J,'Price list'!K:K),0) -> 4500 | C48: Kg | H48: =IF(G48=0,"",_xlfn.XLOOKUP(G48,List_item!A:A,List_item!B:B)) | I48: 0 | J48: =IF(F48/J$5>0,F48/J$5,I48/J$5) -> 0 | K48: =+B48*(F48+I48) -> 0 | L48: =IFERROR(((K48/$K$11)*$F$11)/(F48+I48),0) -> 0 | M48: =+L48*(F48+I48) -> 0 | N48: =IF(L48=0,0,B48-L48) -> 0 | O48: =+K48-M48 -> 0
A49: BLD Grade D | B49: =_xlfn.IFNA(_xlfn.XLOOKUP(A49,'Price list'!J:J,'Price list'!K:K),0) -> 0 | C49: Kg | H49: =IF(G49=0,"",_xlfn.XLOOKUP(G49,List_item!A:A,List_item!B:B)) | I49: 0 | J49: =IF(F49/J$5>0,F49/J$5,I49/J$5) -> 0 | K49: =+B49*(F49+I49) -> 0 | L49: =IFERROR(((K49/$K$11)*$F$11)/(F49+I49),0) -> 0 | M49: =+L49*(F49+I49) -> 0 | N49: =IF(L49=0,0,B49-L49) -> 0 | O49: =+K49-M49 -> 0
A50: BLP Grade D | B50: =_xlfn.IFNA(_xlfn.XLOOKUP(A50,'Price list'!J:J,'Price list'!K:K),0) -> 0 | C50: Kg | H50: =IF(G50=0,"",_xlfn.XLOOKUP(G50,List_item!A:A,List_item!B:B)) | I50: 0 | J50: =IF(F50/J$5>0,F50/J$5,I50/J$5) -> 0 | K50: =+B50*(F50+I50) -> 0 | L50: =IFERROR(((K50/$K$11)*$F$11)/(F50+I50),0) -> 0 | M50: =+L50*(F50+I50) -> 0 | N50: =IF(L50=0,0,B50-L50) -> 0 | O50: =+K50-M50 -> 0
A51: AU 0.3 Grade A | B51: =_xlfn.IFNA(_xlfn.XLOOKUP(A51,'Price list'!J:J,'Price list'!K:K),0) -> 0 | C51: Kg | H51: =IF(G51=0,"",_xlfn.XLOOKUP(G51,List_item!A:A,List_item!B:B)) | I51: 0 | J51: =IF(F51/J$5>0,F51/J$5,I51/J$5) -> 0 | K51: =+B51*(F51+I51) -> 0 | L51: =IFERROR(((K51/$K$11)*$F$11)/(F51+I51),0) -> 0 | M51: =+L51*(F51+I51) -> 0 | N51: =IF(L51=0,0,B51-L51) -> 0 | O51: =+K51-M51 -> 0
A52: AU 0.4 Grade A | B52: =_xlfn.IFNA(_xlfn.XLOOKUP(A52,'Price list'!J:J,'Price list'!K:K),0) -> 34000 | C52: Kg | H52: =IF(G52=0,"",_xlfn.XLOOKUP(G52,List_item!A:A,List_item!B:B)) | I52: 0 | J52: =IF(F52/J$5>0,F52/J$5,I52/J$5) -> 0 | K52: =+B52*(F52+I52) -> 0 | L52: =IFERROR(((K52/$K$11)*$F$11)/(F52+I52),0) -> 0 | M52: =+L52*(F52+I52) -> 0 | N52: =IF(L52=0,0,B52-L52) -> 0 | O52: =+K52-M52 -> 0
A53: AU 0.5 Grade A | B53: =_xlfn.IFNA(_xlfn.XLOOKUP(A53,'Price list'!J:J,'Price list'!K:K),0) -> 34000 | C53: Kg | H53: =IF(G53=0,"",_xlfn.XLOOKUP(G53,List_item!A:A,List_item!B:B)) | I53: 0 | J53: =IF(F53/J$5>0,F53/J$5,I53/J$5) -> 0 | K53: =+B53*(F53+I53) -> 0 | L53: =IFERROR(((K53/$K$11)*$F$11)/(F53+I53),0) -> 0 | M53: =+L53*(F53+I53) -> 0 | N53: =IF(L53=0,0,B53-L53) -> 0 | O53: =+K53-M53 -> 0
A54: AU 0.6 Grade A | B54: =_xlfn.IFNA(_xlfn.XLOOKUP(A54,'Price list'!J:J,'Price list'!K:K),0) -> 34000 | C54: Kg | H54: =IF(G54=0,"",_xlfn.XLOOKUP(G54,List_item!A:A,List_item!B:B)) | I54: 0 | J54: =IF(F54/J$5>0,F54/J$5,I54/J$5) -> 0 | K54: =+B54*(F54+I54) -> 0 | L54: =IFERROR(((K54/$K$11)*$F$11)/(F54+I54),0) -> 0 | M54: =+L54*(F54+I54) -> 0 | N54: =IF(L54=0,0,B54-L54) -> 0 | O54: =+K54-M54 -> 0
A55: AU 0.7 Grade A | B55: =_xlfn.IFNA(_xlfn.XLOOKUP(A55,'Price list'!J:J,'Price list'!K:K),0) -> 34000 | C55: Kg | H55: =IF(G55=0,"",_xlfn.XLOOKUP(G55,List_item!A:A,List_item!B:B)) | I55: 0 | J55: =IF(F55/J$5>0,F55/J$5,I55/J$5) -> 0 | K55: =+B55*(F55+I55) -> 0 | L55: =IFERROR(((K55/$K$11)*$F$11)/(F55+I55),0) -> 0 | M55: =+L55*(F55+I55) -> 0 | N55: =IF(L55=0,0,B55-L55) -> 0 | O55: =+K55-M55 -> 0
A56: AU 0.8 Grade A | B56: =_xlfn.IFNA(_xlfn.XLOOKUP(A56,'Price list'!J:J,'Price list'!K:K),0) -> 34000 | C56: Kg | H56: =IF(G56=0,"",_xlfn.XLOOKUP(G56,List_item!A:A,List_item!B:B)) | I56: 0 | J56: =IF(F56/J$5>0,F56/J$5,I56/J$5) -> 0 | K56: =+B56*(F56+I56) -> 0 | L56: =IFERROR(((K56/$K$11)*$F$11)/(F56+I56),0) -> 0 | M56: =+L56*(F56+I56) -> 0 | N56: =IF(L56=0,0,B56-L56) -> 0 | O56: =+K56-M56 -> 0
A57: AU 0.9 Grade A | B57: =_xlfn.IFNA(_xlfn.XLOOKUP(A57,'Price list'!J:J,'Price list'!K:K),0) -> 34000 | C57: Kg | H57: =IF(G57=0,"",_xlfn.XLOOKUP(G57,List_item!A:A,List_item!B:B)) | I57: 0 | J57: =IF(F57/J$5>0,F57/J$5,I57/J$5) -> 0 | K57: =+B57*(F57+I57) -> 0 | L57: =IFERROR(((K57/$K$11)*$F$11)/(F57+I57),0) -> 0 | M57: =+L57*(F57+I57) -> 0 | N57: =IF(L57=0,0,B57-L57) -> 0 | O57: =+K57-M57 -> 0
... A70: AU MIX | B70: =_xlfn.IFNA(_xlfn.XLOOKUP(A70,'Price list'!J:J,'Price list'!K:K),0) -> 0 | C70: Kg | H70: =IF(G70=0,"",_xlfn.XLOOKUP(G70,List_item!A:A,List_item!B:B)) | I70: 0 | J70: =IF(F70/J$5>0,F70/J$5,I70/J$5) -> 0 | K70: =+B70*(F70+I70) -> 0 | L70: =IFERROR(((K70/$K$11)*$F$11)/(F70+I70),0) -> 0 | M70: =+L70*(F70+I70) -> 0 | N70: =IF(L70=0,0,B70-L70) -> 0 | O70: =+K70-M70 -> 0
A71: BLD A | B71: =_xlfn.IFNA(_xlfn.XLOOKUP(A71,'Price list'!J:J,'Price list'!K:K),0) -> 45000 | C71: Kg | H71: =IF(G71=0,"",_xlfn.XLOOKUP(G71,List_item!A:A,List_item!B:B)) | I71: 0 | J71: =IF(F71/J$5>0,F71/J$5,I71/J$5) -> 0 | K71: =+B71*(F71+I71) -> 0 | L71: =IFERROR(((K71/$K$11)*$F$11)/(F71+I71),0)+IFERROR(((K71/SUMIF(H:H,"*Boneless*",K:K))*$F$6)/I71,0) -> 0 | M71: =+L71*(F71+I71) -> 0 | N71: =IF(L71=0,0,B71-L71) -> 0 | O71: =+K71-M71 -> 0 | P71: =IFERROR(((K71/SUMIF(H:H,"*Boneless*",K:K))*$F$6),0) -> 0 | Q71: =SUMIF(H:H,"*Boneless*",K:K) -> 0
A72: BLD R | B72: =_xlfn.IFNA(_xlfn.XLOOKUP(A72,'Price list'!J:J,'Price list'!K:K),0) -> 0 | C72: Kg | H72: =IF(G72=0,"",_xlfn.XLOOKUP(G72,List_item!A:A,List_item!B:B)) | I72: 0 | J72: =IF(F72/J$5>0,F72/J$5,I72/J$5) -> 0 | K72: =+B72*(F72+I72) -> 0 | L72: =IFERROR(((K72/$K$11)*$F$11)/(F72+I72),0) -> 0 | M72: =+L72*(F72+I72) -> 0 | N72: =IF(L72=0,0,B72-L72) -> 0 | O72: =+K72-M72 -> 0
A73: BLP A | B73: =_xlfn.IFNA(_xlfn.XLOOKUP(A73,'Price list'!J:J,'Price list'!K:K),0) -> 44000 | C73: Kg | H73: =IF(G73=0,"",_xlfn.XLOOKUP(G73,List_item!A:A,List_item!B:B)) | I73: 0 | J73: =IF(F73/J$5>0,F73/J$5,I73/J$5) -> 0 | K73: =+B73*(F73+I73) -> 0 | L73: =IFERROR(((K73/$K$11)*$F$11)/(F73+I73),0) -> 0 | M73: =+L73*(F73+I73) -> 0 | N73: =IF(L73=0,0,B73-L73) -> 0 | O73: =+K73-M73 -> 0
A74: BLP R | B74: =_xlfn.IFNA(_xlfn.XLOOKUP(A74,'Price list'!J:J,'Price list'!K:K),0) -> 0 | C74: Kg | H74: =IF(G74=0,"",_xlfn.XLOOKUP(G74,List_item!A:A,List_item!B:B)) | I74: 0 | J74: =IF(F74/J$5>0,F74/J$5,I74/J$5) -> 0 | K74: =+B74*(F74+I74) -> 0 | L74: =IFERROR(((K74/$K$11)*$F$11)/(F74+I74),0) -> 0 | M74: =+L74*(F74+I74) -> 0 | N74: =IF(L74=0,0,B74-L74) -> 0 | O74: =+K74-M74 -> 0
A75: SAYAP R | B75: =_xlfn.IFNA(_xlfn.XLOOKUP(A75,'Price list'!J:J,'Price list'!K:K),0) -> 0 | C75: Kg | H75: =IF(G75=0,"",_xlfn.XLOOKUP(G75,List_item!A:A,List_item!B:B)) | I75: 0 | J75: =IF(F75/J$5>0,F75/J$5,I75/J$5) -> 0 | K75: =+B75*(F75+I75) -> 0 | L75: =IFERROR(((K75/$K$11)*$F$11)/(F75+I75),0) -> 0 | M75: =+L75*(F75+I75) -> 0 | N75: =IF(L75=0,0,B75-L75) -> 0 | O75: =+K75-M75 -> 0
A76: Ampela Ayam | B76: =_xlfn.IFNA(_xlfn.XLOOKUP(A76,'Price list'!J:J,'Price list'!K:K),0) -> 0 | C76: Kg | H76: =IF(G76=0,"",_xlfn.XLOOKUP(G76,List_item!A:A,List_item!B:B)) | I76: 0 | J76: =IF(F76/J$5>0,F76/J$5,I76/J$5) -> 0 | K76: =+B76*(F76+I76) -> 0 | L76: =IFERROR(((K76/$K$11)*$F$11)/(F76+I76),0) -> 0 | M76: =+L76*(F76+I76) -> 0 | N76: =IF(L76=0,0,B76-L76) -> 0 | O76: =+K76-M76 -> 0
A77: HATI ayam | B77: =_xlfn.IFNA(_xlfn.XLOOKUP(A77,'Price list'!J:J,'Price list'!K:K),0) -> 0 | C77: Kg | H77: =IF(G77=0,"",_xlfn.XLOOKUP(G77,List_item!A:A,List_item!B:B)) | I77: 0 | J77: =IF(F77/J$5>0,F77/J$5,I77/J$5) -> 0 | K77: =+B77*(F77+I77) -> 0 | L77: =IFERROR(((K77/$K$11)*$F$11)/(F77+I77),0) -> 0 | M77: =+L77*(F77+I77) -> 0 | N77: =IF(L77=0,0,B77-L77) -> 0 | O77: =+K77-M77 -> 0
A78: Kulit Leher (Trading) | B78: =_xlfn.IFNA(_xlfn.XLOOKUP(A78,'Price list'!J:J,'Price list'!K:K),0) -> 0 | C78: Kg | H78: =IF(G78=0,"",_xlfn.XLOOKUP(G78,List_item!A:A,List_item!B:B)) | I78: 0 | J78: =IF(F78/J$5>0,F78/J$5,I78/J$5) -> 0 | K78: =+B78*(F78+I78) -> 0 | L78: =IFERROR(((K78/$K$11)*$F$11)/(F78+I78),0) -> 0 | M78: =+L78*(F78+I78) -> 0 | N78: =IF(L78=0,0,B78-L78) -> 0 | O78: =+K78-M78 -> 0
A79: TULANG MUDA | B79: =_xlfn.IFNA(_xlfn.XLOOKUP(A79,'Price list'!J:J,'Price list'!K:K),0) -> 0 | C79: Kg | H79: =IF(G79=0,"",_xlfn.XLOOKUP(G79,List_item!A:A,List_item!B:B)) | I79: 0 | J79: =IF(F79/J$5>0,F79/J$5,I79/J$5) -> 0 | K79: =+B79*(F79+I79) -> 0 | L79: =IFERROR(((K79/$K$11)*$F$11)/(F79+I79),0) -> 0 | M79: =+L79*(F79+I79) -> 0 | N79: =IF(L79=0,0,B79-L79) -> 0 | O79: =+K79-M79 -> 0
A80: karkas amindo R | B80: =_xlfn.IFNA(_xlfn.XLOOKUP(A80,'Price list'!J:J,'Price list'!K:K),0) -> 0 | C80: Kg | H80: =IF(G80=0,"",_xlfn.XLOOKUP(G80,List_item!A:A,List_item!B:B)) | I80: 0 | J80: =IF(F80/J$5>0,F80/J$5,I80/J$5) -> 0 | K80: =+B80*(F80+I80) -> 0 | L80: =IFERROR(((K80/$K$11)*$F$11)/(F80+I80),0) -> 0 | M80: =+L80*(F80+I80) -> 0 | N80: =IF(L80=0,0,B80-L80) -> 0 | O80: =+K80-M80 -> 0
A81: Lemak Trimming | B81: =_xlfn.IFNA(_xlfn.XLOOKUP(A81,'Price list'!J:J,'Price list'!K:K),0) -> 36000 | C81: Kg | H81: =IF(G81=0,"",_xlfn.XLOOKUP(G81,List_item!A:A,List_item!B:B)) | I81: 0 | J81: =IF(F81/J$5>0,F81/J$5,I81/J$5) -> 0 | K81: =+B81*(F81+I81) -> 0 | L81: =IFERROR(((K81/$K$11)*$F$11)/(F81+I81),0)+IFERROR(((K81/SUMIF(H:H,"*Boneless*",K:K))*$F$6)/I81,0) -> 0 | M81: =+L81*(F81+I81) -> 0 | N81: =IF(L81=0,0,B81-L81) -> 0 | O81: =+K81-M81 -> 0 | P81: =IFERROR(((K81/SUMIF(H:H,"*Boneless*",K:K))*$F$6),0) -> 0 | Q81: =SUMIF(H:H,"*Boneless*",K:K) -> 0
A83: Dibuat Oleh, | G83: Diperiksa Oleh,

Sheet Pot_AGRO29
I1: =+I9/E11 -> 2.2374714
A2: Harga Perolehan | G2: Ref. Dokumen
A3: Live Bird | B3: =(4537.2+4524.7)*25000 -> 226547500 | G3: #13 | I3: Supplier | J3: Agus Wibowo
A4: Biaya Ekspedisi | B4: =2*2000000 -> 4000000 | G4: INV 29 SEP | H4: PI26090077 | I4: Tgl. Potong | J4: 46294 | K4: HASIL POTONG | M4: SUSUT | N4: Ayam Mati | O4: KG Mati
A5: Biaya Potong | B5: 13133175 | G5: SI.2026.09.00223 | H5: PENDING | I5: Total KG LB | J5: =(4537.2+4524.7) -> 9061.9 | K5: 8755.45 | L5: =J5-K5 -> 306.45 | M5: =L5/J5 -> 0.033817411
A6: Total | B6: =SUBTOTAL(9,B3:B5) -> 243680675 | E6: Biaya BL | F6: 4663246
B7: =B6+F6 -> 248343921
I9: =J9+3300.2*2 -> 15662.3 | J9: =J5-J7 -> 9061.9 | K9: Est. GP Margin | L9: =SUM(K12:K66)/M11-1 -> #DIV/0!
A10: Produk | B10: Price/Kg | C10: Satuan | E10: SKU Fresh | F10: Non Blasting | G10: No. SKU | H10: Item Name | I10: Qty | J10: Yield | K10: Est. Harga Jual | L10: COGS/Kg | M10: COGS/Item | N10: (Price/Kg - COGS/Kg) | O10: (Est. Harga Jual - COGS/Item) | P10: Notes
E11: 7000 | F11: =+B6 -> 243680675 | I11: =SUM(I12:I83) -> 0 | J11: =SUM(J12:J83) -> 0 | K11: =SUM(K12:K83) -> 0 | M11: =SUM(M12:M83) -> 0 | O11: =SUM(O12:O83) -> 0
A12: AU 0.3 | B12: =_xlfn.IFNA(_xlfn.XLOOKUP(A12,'Price list'!J:J,'Price list'!K:K),0) -> 0 | C12: Kg | H12: =IF(G12=0,"",_xlfn.XLOOKUP(G12,List_item!A:A,List_item!B:B)) | I12: 0 | J12: =IF(F12/J$5>0,F12/J$5,I12/J$5) -> 0 | K12: =+B12*(F12+I12) -> 0 | L12: =IFERROR(((K12/$K$11)*$F$11)/(F12+I12),0) -> 0 | M12: =+L12*(F12+I12) -> 0 | N12: =IF(L12=0,0,B12-L12) -> 0 | O12: =+K12-M12 -> 0
A13: AU 0.4 | B13: =_xlfn.IFNA(_xlfn.XLOOKUP(A13,'Price list'!J:J,'Price list'!K:K),0) -> 0 | C13: Kg | H13: =IF(G13=0,"",_xlfn.XLOOKUP(G13,List_item!A:A,List_item!B:B)) | I13: 0 | J13: =IF(F13/J$5>0,F13/J$5,I13/J$5) -> 0 | K13: =+B13*(F13+I13) -> 0 | L13: =IFERROR(((K13/$K$11)*$F$11)/(F13+I13),0) -> 0 | M13: =+L13*(F13+I13) -> 0 | N13: =IF(L13=0,0,B13-L13) -> 0 | O13: =+K13-M13 -> 0
A14: AU 0.5 | B14: =_xlfn.IFNA(_xlfn.XLOOKUP(A14,'Price list'!J:J,'Price list'!K:K),0) -> 37000 | C14: Kg | H14: =IF(G14=0,"",_xlfn.XLOOKUP(G14,List_item!A:A,List_item!B:B)) | I14: 0 | J14: =IF(F14/J$5>0,F14/J$5,I14/J$5) -> 0 | K14: =+B14*(F14+I14) -> 0 | L14: =IFERROR(((K14/$K$11)*$F$11)/(F14+I14),0) -> 0 | M14: =+L14*(F14+I14) -> 0 | N14: =IF(L14=0,0,B14-L14) -> 0 | O14: =+K14-M14 -> 0
A15: AU 0.6 | B15: =_xlfn.IFNA(_xlfn.XLOOKUP(A15,'Price list'!J:J,'Price list'!K:K),0) -> 37000 | C15: Kg | H15: =IF(G15=0,"",_xlfn.XLOOKUP(G15,List_item!A:A,List_item!B:B)) | I15: 0 | J15: =IF(F15/J$5>0,F15/J$5,I15/J$5) -> 0 | K15: =+B15*(F15+I15) -> 0 | L15: =IFERROR(((K15/$K$11)*$F$11)/(F15+I15),0) -> 0 | M15: =+L15*(F15+I15) -> 0 | N15: =IF(L15=0,0,B15-L15) -> 0 | O15: =+K15-M15 -> 0
A16: AU 0.7 | B16: =_xlfn.IFNA(_xlfn.XLOOKUP(A16,'Price list'!J:J,'Price list'!K:K),0) -> 37000 | C16: Kg | H16: =IF(G16=0,"",_xlfn.XLOOKUP(G16,List_item!A:A,List_item!B:B)) | I16: 0 | J16: =IF(F16/J$5>0,F16/J$5,I16/J$5) -> 0 | K16: =+B16*(F16+I16) -> 0 | L16: =IFERROR(((K16/$K$11)*$F$11)/(F16+I16),0) -> 0 | M16: =+L16*(F16+I16) -> 0 | N16: =IF(L16=0,0,B16-L16) -> 0 | O16: =+K16-M16 -> 0
A17: AU 0.8 | B17: =_xlfn.IFNA(_xlfn.XLOOKUP(A17,'Price list'!J:J,'Price list'!K:K),0) -> 37000 | C17: Kg | H17: =IF(G17=0,"",_xlfn.XLOOKUP(G17,List_item!A:A,List_item!B:B)) | I17: 0 | J17: =IF(F17/J$5>0,F17/J$5,I17/J$5) -> 0 | K17: =+B17*(F17+I17) -> 0 | L17: =IFERROR(((K17/$K$11)*$F$11)/(F17+I17),0) -> 0 | M17: =+L17*(F17+I17) -> 0 | N17: =IF(L17=0,0,B17-L17) -> 0 | O17: =+K17-M17 -> 0
A18: AU 0.9 | B18: =_xlfn.IFNA(_xlfn.XLOOKUP(A18,'Price list'!J:J,'Price list'!K:K),0) -> 37000 | C18: Kg | H18: =IF(G18=0,"",_xlfn.XLOOKUP(G18,List_item!A:A,List_item!B:B)) | I18: 0 | J18: =IF(F18/J$5>0,F18/J$5,I18/J$5) -> 0 | K18: =+B18*(F18+I18) -> 0 | L18: =IFERROR(((K18/$K$11)*$F$11)/(F18+I18),0) -> 0 | M18: =+L18*(F18+I18) -> 0 | N18: =IF(L18=0,0,B18-L18) -> 0 | O18: =+K18-M18 -> 0
A19: AU 1.0 | B19: =_xlfn.IFNA(_xlfn.XLOOKUP(A19,'Price list'!J:J,'Price list'!K:K),0) -> 37000 | C19: Kg | H19: =IF(G19=0,"",_xlfn.XLOOKUP(G19,List_item!A:A,List_item!B:B)) | I19: 0 | J19: =IF(F19/J$5>0,F19/J$5,I19/J$5) -> 0 | K19: =+B19*(F19+I19) -> 0 | L19: =IFERROR(((K19/$K$11)*$F$11)/(F19+I19),0) -> 0 | M19: =+L19*(F19+I19) -> 0 | N19: =IF(L19=0,0,B19-L19) -> 0 | O19: =+K19-M19 -> 0
A20: AU 1.1 | B20: =_xlfn.IFNA(_xlfn.XLOOKUP(A20,'Price list'!J:J,'Price list'!K:K),0) -> 37000 | C20: Kg | H20: =IF(G20=0,"",_xlfn.XLOOKUP(G20,List_item!A:A,List_item!B:B)) | I20: 0 | J20: =IF(F20/J$5>0,F20/J$5,I20/J$5) -> 0 | K20: =+B20*(F20+I20) -> 0 | L20: =IFERROR(((K20/$K$11)*$F$11)/(F20+I20),0) -> 0 | M20: =+L20*(F20+I20) -> 0 | N20: =IF(L20=0,0,B20-L20) -> 0 | O20: =+K20-M20 -> 0
A21: AU 1.2 | B21: =_xlfn.IFNA(_xlfn.XLOOKUP(A21,'Price list'!J:J,'Price list'!K:K),0) -> 37000 | C21: Kg | H21: =IF(G21=0,"",_xlfn.XLOOKUP(G21,List_item!A:A,List_item!B:B)) | I21: 0 | J21: =IF(F21/J$5>0,F21/J$5,I21/J$5) -> 0 | K21: =+B21*(F21+I21) -> 0 | L21: =IFERROR(((K21/$K$11)*$F$11)/(F21+I21),0) -> 0 | M21: =+L21*(F21+I21) -> 0 | N21: =IF(L21=0,0,B21-L21) -> 0 | O21: =+K21-M21 -> 0
A22: AU 1.3 | B22: =_xlfn.IFNA(_xlfn.XLOOKUP(A22,'Price list'!J:J,'Price list'!K:K),0) -> 37000 | C22: Kg | H22: =IF(G22=0,"",_xlfn.XLOOKUP(G22,List_item!A:A,List_item!B:B)) | I22: 0 | J22: =IF(F22/J$5>0,F22/J$5,I22/J$5) -> 0 | K22: =+B22*(F22+I22) -> 0 | L22: =IFERROR(((K22/$K$11)*$F$11)/(F22+I22),0) -> 0 | M22: =+L22*(F22+I22) -> 0 | N22: =IF(L22=0,0,B22-L22) -> 0 | O22: =+K22-M22 -> 0
A23: AU 1.4 | B23: =_xlfn.IFNA(_xlfn.XLOOKUP(A23,'Price list'!J:J,'Price list'!K:K),0) -> 37000 | C23: Kg | H23: =IF(G23=0,"",_xlfn.XLOOKUP(G23,List_item!A:A,List_item!B:B)) | I23: 0 | J23: =IF(F23/J$5>0,F23/J$5,I23/J$5) -> 0 | K23: =+B23*(F23+I23) -> 0 | L23: =IFERROR(((K23/$K$11)*$F$11)/(F23+I23),0) -> 0 | M23: =+L23*(F23+I23) -> 0 | N23: =IF(L23=0,0,B23-L23) -> 0 | O23: =+K23-M23 -> 0
... A30: AU UP | B30: =_xlfn.IFNA(_xlfn.XLOOKUP(A30,'Price list'!J:J,'Price list'!K:K),0) -> 0 | C30: Kg | H30: =IF(G30=0,"",_xlfn.XLOOKUP(G30,List_item!A:A,List_item!B:B)) | I30: 0 | J30: =IF(F30/J$5>0,F30/J$5,I30/J$5) -> 0 | K30: =+B30*(F30+I30) -> 0 | L30: =IFERROR(((K30/$K$11)*$F$11)/(F30+I30),0) -> 0 | M30: =+L30*(F30+I30) -> 0 | N30: =IF(L30=0,0,B30-L30) -> 0 | O30: =+K30-M30 -> 0
A31: BLD | B31: =_xlfn.IFNA(_xlfn.XLOOKUP(A31,'Price list'!J:J,'Price list'!K:K),0) -> 50000 | C31: Kg | H31: =IF(G31=0,"",_xlfn.XLOOKUP(G31,List_item!A:A,List_item!B:B)) | I31: 0 | J31: =IF(F31/J$5>0,F31/J$5,I31/J$5) -> 0 | K31: =+B31*(F31+I31) -> 0 | L31: =IFERROR(((K31/$K$11)*$F$11)/(F31+I31),0)+IFERROR(((K31/SUMIF(H:H,"*Boneless*",K:K))*$F$6)/I31,0) -> 0 | M31: =+L31*(F31+I31) -> 0 | N31: =IF(L31=0,0,B31-L31) -> 0 | O31: =+K31-M31 -> 0 | P31: =IFERROR(((K31/SUMIF(H:H,"*Boneless*",K:K))*$F$6),0) -> 0 | Q31: =SUMIF(H:H,"*Boneless*",K:K) -> 0
A32: BLPK | B32: =_xlfn.IFNA(_xlfn.XLOOKUP(A32,'Price list'!J:J,'Price list'!K:K),0) -> 48000 | C32: Kg | H32: =IF(G32=0,"",_xlfn.XLOOKUP(G32,List_item!A:A,List_item!B:B)) | I32: 0 | J32: =IF(F32/J$5>0,F32/J$5,I32/J$5) -> 0 | K32: =+B32*(F32+I32) -> 0 | L32: =IFERROR(((K32/$K$11)*$F$11)/(F32+I32),0) -> 0 | M32: =+L32*(F32+I32) -> 0 | N32: =IF(L32=0,0,B32-L32) -> 0 | O32: =+K32-M32 -> 0
A33: BLP | B33: =_xlfn.IFNA(_xlfn.XLOOKUP(A33,'Price list'!J:J,'Price list'!K:K),0) -> 49000 | C33: Kg | H33: =IF(G33=0,"",_xlfn.XLOOKUP(G33,List_item!A:A,List_item!B:B)) | I33: 0 | J33: =IF(F33/J$5>0,F33/J$5,I33/J$5) -> 0 | K33: =+B33*(F33+I33) -> 0 | L33: =IFERROR(((K33/$K$11)*$F$11)/(F33+I33),0)+IFERROR(((K33/SUMIF(H:H,"*Boneless*",K:K))*$F$6)/I33,0) -> 0 | M33: =+L33*(F33+I33) -> 0 | N33: =IF(L33=0,0,B33-L33) -> 0 | O33: =+K33-M33 -> 0 | P33: =IFERROR(((K33/SUMIF(H:H,"*Boneless*",K:K))*$F$6),0) -> 0 | Q33: =SUMIF(H:H,"*Boneless*",K:K) -> 0
A34: Krk | B34: =_xlfn.IFNA(_xlfn.XLOOKUP(A34,'Price list'!J:J,'Price list'!K:K),0) -> 12500 | C34: Kg | H34: =IF(G34=0,"",_xlfn.XLOOKUP(G34,List_item!A:A,List_item!B:B)) | I34: 0 | J34: =IF(F34/J$5>0,F34/J$5,I34/J$5) -> 0 | K34: =+B34*(F34+I34) -> 0 | L34: =IFERROR(((K34/$K$11)*$F$11)/(F34+I34),0)+IFERROR(((K34/SUMIF(H:H,"*Boneless*",K:K))*$F$6)/I34,0) -> 0 | M34: =+L34*(F34+I34) -> 0 | N34: =IF(L34=0,0,B34-L34) -> 0 | O34: =+K34-M34 -> 0 | P34: =IFERROR(((K34/SUMIF(H:H,"*Boneless*",K:K))*$F$6),0) -> 0 | Q34: =SUMIF(H:H,"*Boneless*",K:K) -> 0
A35: kulit | B35: =_xlfn.IFNA(_xlfn.XLOOKUP(A35,'Price list'!J:J,'Price list'!K:K),0) -> 32000 | C35: Kg | H35: =IF(G35=0,"",_xlfn.XLOOKUP(G35,List_item!A:A,List_item!B:B)) | I35: 0 | J35: =IF(F35/J$5>0,F35/J$5,I35/J$5) -> 0 | K35: =+B35*(F35+I35) -> 0 | L35: =IFERROR(((K35/$K$11)*$F$11)/(F35+I35),0)+IFERROR(((K35/SUMIF(H:H,"*Boneless*",K:K))*$F$6)/I35,0) -> 0 | M35: =+L35*(F35+I35) -> 0 | N35: =IF(L35=0,0,B35-L35) -> 0 | O35: =+K35-M35 -> 0 | P35: =IFERROR(((K35/SUMIF(H:H,"*Boneless*",K:K))*$F$6),0) -> 0 | Q35: =SUMIF(H:H,"*Boneless*",K:K) -> 0
A36: Sayap | B36: =_xlfn.IFNA(_xlfn.XLOOKUP(A36,'Price list'!J:J,'Price list'!K:K),0) -> 36000 | C36: Kg | H36: =IF(G36=0,"",_xlfn.XLOOKUP(G36,List_item!A:A,List_item!B:B)) | I36: 0 | J36: =IF(F36/J$5>0,F36/J$5,I36/J$5) -> 0 | K36: =+B36*(F36+I36) -> 0 | L36: =IFERROR(((K36/$K$11)*$F$11)/(F36+I36),0)+IFERROR(((K36/SUMIF(H:H,"*Boneless*",K:K))*$F$6)/I36,0) -> 0 | M36: =+L36*(F36+I36) -> 0 | N36: =IF(L36=0,0,B36-L36) -> 0 | O36: =+K36-M36 -> 0 | P36: =IFERROR(((K36/SUMIF(H:H,"*Boneless*",K:K))*$F$6),0) -> 0 | Q36: =SUMIF(H:H,"*Boneless*",K:K) -> 0
A37: Sayap grade A | B37: =_xlfn.IFNA(_xlfn.XLOOKUP(A37,'Price list'!J:J,'Price list'!K:K),0) -> 32000 | C37: Kg | H37: =IF(G37=0,"",_xlfn.XLOOKUP(G37,List_item!A:A,List_item!B:B)) | I37: 0 | J37: =IF(F37/J$5>0,F37/J$5,I37/J$5) -> 0 | K37: =+B37*(F37+I37) -> 0 | L37: =IFERROR(((K37/$K$11)*$F$11)/(F37+I37),0)+IFERROR(((K37/SUMIF(H:H,"*Boneless*",K:K))*$F$6)/I37,0) -> 0 | M37: =+L37*(F37+I37) -> 0 | N37: =IF(L37=0,0,B37-L37) -> 0 | O37: =+K37-M37 -> 0 | P37: =IFERROR(((K37/SUMIF(H:H,"*Boneless*",K:K))*$F$6),0) -> 0 | Q37: =SUMIF(H:H,"*Boneless*",K:K) -> 0
A38: TLP | B38: =_xlfn.IFNA(_xlfn.XLOOKUP(A38,'Price list'!J:J,'Price list'!K:K),0) -> 5000 | C38: Kg | H38: =IF(G38=0,"",_xlfn.XLOOKUP(G38,List_item!A:A,List_item!B:B)) | I38: 0 | J38: =IF(F38/J$5>0,F38/J$5,I38/J$5) -> 0 | K38: =+B38*(F38+I38) -> 0 | L38: =IFERROR(((K38/$K$11)*$F$11)/(F38+I38),0)+IFERROR(((K38/SUMIF(H:H,"*Boneless*",K:K))*$F$6)/I38,0) -> 0 | M38: =+L38*(F38+I38) -> 0 | N38: =IF(L38=0,0,B38-L38) -> 0 | O38: =+K38-M38 -> 0 | P38: =IFERROR(((K38/SUMIF(H:H,"*Boneless*",K:K))*$F$6),0) -> 0 | Q38: =SUMIF(H:H,"*Boneless*",K:K) -> 0
A39: Paha Bawah | B39: =_xlfn.IFNA(_xlfn.XLOOKUP(A39,'Price list'!J:J,'Price list'!K:K),0) -> 35000 | C39: Kg | H39: =IF(G39=0,"",_xlfn.XLOOKUP(G39,List_item!A:A,List_item!B:B)) | I39: 0 | J39: =IF(F39/J$5>0,F39/J$5,I39/J$5) -> 0 | K39: =+B39*(F39+I39) -> 0 | L39: =IFERROR(((K39/$K$11)*$F$11)/(F39+I39),0) -> 0 | M39: =+L39*(F39+I39) -> 0 | N39: =IF(L39=0,0,B39-L39) -> 0 | O39: =+K39-M39 -> 0
A40: Lemak | B40: =_xlfn.IFNA(_xlfn.XLOOKUP(A40,'Price list'!J:J,'Price list'!K:K),0) -> 24000 | C40: Kg | H40: =IF(G40=0,"",_xlfn.XLOOKUP(G40,List_item!A:A,List_item!B:B)) | I40: 0 | J40: =IF(F40/J$5>0,F40/J$5,I40/J$5) -> 0 | K40: =+B40*(F40+I40) -> 0 | L40: =IFERROR(((K40/$K$11)*$F$11)/(F40+I40),0) -> 0 | M40: =+L40*(F40+I40) -> 0 | N40: =IF(L40=0,0,B40-L40) -> 0 | O40: =+K40-M40 -> 0
A41: Kepala | B41: =_xlfn.IFNA(_xlfn.XLOOKUP(A41,'Price list'!J:J,'Price list'!K:K),0) -> 9500 | C41: Kg | H41: =IF(G41=0,"",_xlfn.XLOOKUP(G41,List_item!A:A,List_item!B:B)) | I41: 0 | J41: =IF(F41/J$5>0,F41/J$5,I41/J$5) -> 0 | K41: =+B41*(F41+I41) -> 0 | L41: =IFERROR(((K41/$K$11)*$F$11)/(F41+I41),0) -> 0 | M41: =+L41*(F41+I41) -> 0 | N41: =IF(L41=0,0,B41-L41) -> 0 | O41: =+K41-M41 -> 0
A42: Ceker | B42: =_xlfn.IFNA(_xlfn.XLOOKUP(A42,'Price list'!J:J,'Price list'!K:K),0) -> 16000 | C42: Kg | H42: =IF(G42=0,"",_xlfn.XLOOKUP(G42,List_item!A:A,List_item!B:B)) | I42: 0 | J42: =IF(F42/J$5>0,F42/J$5,I42/J$5) -> 0 | K42: =+B42*(F42+I42) -> 0 | L42: =IFERROR(((K42/$K$11)*$F$11)/(F42+I42),0) -> 0 | M42: =+L42*(F42+I42) -> 0 | N42: =IF(L42=0,0,B42-L42) -> 0 | O42: =+K42-M42 -> 0
A43: HJA | B43: =_xlfn.IFNA(_xlfn.XLOOKUP(A43,'Price list'!J:J,'Price list'!K:K),0) -> 4500 | C43: Kg | H43: =IF(G43=0,"",_xlfn.XLOOKUP(G43,List_item!A:A,List_item!B:B)) | I43: 0 | J43: =IF(F43/J$5>0,F43/J$5,I43/J$5) -> 0 | K43: =+B43*(F43+I43) -> 0 | L43: =IFERROR(((K43/$K$11)*$F$11)/(F43+I43),0) -> 0 | M43: =+L43*(F43+I43) -> 0 | N43: =IF(L43=0,0,B43-L43) -> 0 | O43: =+K43-M43 -> 0
A44: Usus | B44: =_xlfn.IFNA(_xlfn.XLOOKUP(A44,'Price list'!J:J,'Price list'!K:K),0) -> 1500 | C44: Kg | H44: =IF(G44=0,"",_xlfn.XLOOKUP(G44,List_item!A:A,List_item!B:B)) | I44: 0 | J44: =IF(F44/J$5>0,F44/J$5,I44/J$5) -> 0 | K44: =+B44*(F44+I44) -> 0 | L44: =IFERROR(((K44/$K$11)*$F$11)/(F44+I44),0) -> 0 | M44: =+L44*(F44+I44) -> 0 | N44: =IF(L44=0,0,B44-L44) -> 0 | O44: =+K44-M44 -> 0 | P44: ?
A45: Tungir | B45: =_xlfn.IFNA(_xlfn.XLOOKUP(A45,'Price list'!J:J,'Price list'!K:K),0) -> 22000 | C45: Kg | H45: =IF(G45=0,"",_xlfn.XLOOKUP(G45,List_item!A:A,List_item!B:B)) | I45: 0 | J45: =IF(F45/J$5>0,F45/J$5,I45/J$5) -> 0 | K45: =+B45*(F45+I45) -> 0 | L45: =IFERROR(((K45/$K$11)*$F$11)/(F45+I45),0)+IFERROR(((K45/SUMIF(H:H,"*Boneless*",K:K))*$F$6)/I45,0) -> 0 | M45: =+L45*(F45+I45) -> 0 | N45: =IF(L45=0,0,B45-L45) -> 0 | O45: =+K45-M45 -> 0 | P45: =IFERROR(((K45/SUMIF(H:H,"*Boneless*",K:K))*$F$6),0) -> 0 | Q45: =SUMIF(H:H,"*Boneless*",K:K) -> 0
A46: Jantung | B46: =_xlfn.IFNA(_xlfn.XLOOKUP(A46,'Price list'!J:J,'Price list'!K:K),0) -> 16000 | C46: Kg | H46: =IF(G46=0,"",_xlfn.XLOOKUP(G46,List_item!A:A,List_item!B:B)) | I46: 0 | J46: =IF(F46/J$5>0,F46/J$5,I46/J$5) -> 0 | K46: =+B46*(F46+I46) -> 0 | L46: =IFERROR(((K46/$K$11)*$F$11)/(F46+I46),0) -> 0 | M46: =+L46*(F46+I46) -> 0 | N46: =IF(L46=0,0,B46-L46) -> 0 | O46: =+K46-M46 -> 0
A47: Ceker B | B47: =_xlfn.IFNA(_xlfn.XLOOKUP(A47,'Price list'!J:J,'Price list'!K:K),0) -> 5000 | C47: Kg | H47: =IF(G47=0,"",_xlfn.XLOOKUP(G47,List_item!A:A,List_item!B:B)) | I47: 0 | J47: =IF(F47/J$5>0,F47/J$5,I47/J$5) -> 0 | K47: =+B47*(F47+I47) -> 0 | L47: =IFERROR(((K47/$K$11)*$F$11)/(F47+I47),0) -> 0 | M47: =+L47*(F47+I47) -> 0 | N47: =IF(L47=0,0,B47-L47) -> 0 | O47: =+K47-M47 -> 0
A48: Giblet | B48: =_xlfn.IFNA(_xlfn.XLOOKUP(A48,'Price list'!J:J,'Price list'!K:K),0) -> 4500 | C48: Kg | H48: =IF(G48=0,"",_xlfn.XLOOKUP(G48,List_item!A:A,List_item!B:B)) | I48: 0 | J48: =IF(F48/J$5>0,F48/J$5,I48/J$5) -> 0 | K48: =+B48*(F48+I48) -> 0 | L48: =IFERROR(((K48/$K$11)*$F$11)/(F48+I48),0) -> 0 | M48: =+L48*(F48+I48) -> 0 | N48: =IF(L48=0,0,B48-L48) -> 0 | O48: =+K48-M48 -> 0
A49: BLD Grade D | B49: =_xlfn.IFNA(_xlfn.XLOOKUP(A49,'Price list'!J:J,'Price list'!K:K),0) -> 0 | C49: Kg | H49: =IF(G49=0,"",_xlfn.XLOOKUP(G49,List_item!A:A,List_item!B:B)) | I49: 0 | J49: =IF(F49/J$5>0,F49/J$5,I49/J$5) -> 0 | K49: =+B49*(F49+I49) -> 0 | L49: =IFERROR(((K49/$K$11)*$F$11)/(F49+I49),0) -> 0 | M49: =+L49*(F49+I49) -> 0 | N49: =IF(L49=0,0,B49-L49) -> 0 | O49: =+K49-M49 -> 0
A50: BLP Grade D | B50: =_xlfn.IFNA(_xlfn.XLOOKUP(A50,'Price list'!J:J,'Price list'!K:K),0) -> 0 | C50: Kg | H50: =IF(G50=0,"",_xlfn.XLOOKUP(G50,List_item!A:A,List_item!B:B)) | I50: 0 | J50: =IF(F50/J$5>0,F50/J$5,I50/J$5) -> 0 | K50: =+B50*(F50+I50) -> 0 | L50: =IFERROR(((K50/$K$11)*$F$11)/(F50+I50),0) -> 0 | M50: =+L50*(F50+I50) -> 0 | N50: =IF(L50=0,0,B50-L50) -> 0 | O50: =+K50-M50 -> 0
A51: AU 0.3 Grade A | B51: =_xlfn.IFNA(_xlfn.XLOOKUP(A51,'Price list'!J:J,'Price list'!K:K),0) -> 0 | C51: Kg | H51: =IF(G51=0,"",_xlfn.XLOOKUP(G51,List_item!A:A,List_item!B:B)) | I51: 0 | J51: =IF(F51/J$5>0,F51/J$5,I51/J$5) -> 0 | K51: =+B51*(F51+I51) -> 0 | L51: =IFERROR(((K51/$K$11)*$F$11)/(F51+I51),0) -> 0 | M51: =+L51*(F51+I51) -> 0 | N51: =IF(L51=0,0,B51-L51) -> 0 | O51: =+K51-M51 -> 0
A52: AU 0.4 Grade A | B52: =_xlfn.IFNA(_xlfn.XLOOKUP(A52,'Price list'!J:J,'Price list'!K:K),0) -> 34000 | C52: Kg | H52: =IF(G52=0,"",_xlfn.XLOOKUP(G52,List_item!A:A,List_item!B:B)) | I52: 0 | J52: =IF(F52/J$5>0,F52/J$5,I52/J$5) -> 0 | K52: =+B52*(F52+I52) -> 0 | L52: =IFERROR(((K52/$K$11)*$F$11)/(F52+I52),0) -> 0 | M52: =+L52*(F52+I52) -> 0 | N52: =IF(L52=0,0,B52-L52) -> 0 | O52: =+K52-M52 -> 0
A53: AU 0.5 Grade A | B53: =_xlfn.IFNA(_xlfn.XLOOKUP(A53,'Price list'!J:J,'Price list'!K:K),0) -> 34000 | C53: Kg | H53: =IF(G53=0,"",_xlfn.XLOOKUP(G53,List_item!A:A,List_item!B:B)) | I53: 0 | J53: =IF(F53/J$5>0,F53/J$5,I53/J$5) -> 0 | K53: =+B53*(F53+I53) -> 0 | L53: =IFERROR(((K53/$K$11)*$F$11)/(F53+I53),0) -> 0 | M53: =+L53*(F53+I53) -> 0 | N53: =IF(L53=0,0,B53-L53) -> 0 | O53: =+K53-M53 -> 0
A54: AU 0.6 Grade A | B54: =_xlfn.IFNA(_xlfn.XLOOKUP(A54,'Price list'!J:J,'Price list'!K:K),0) -> 34000 | C54: Kg | H54: =IF(G54=0,"",_xlfn.XLOOKUP(G54,List_item!A:A,List_item!B:B)) | I54: 0 | J54: =IF(F54/J$5>0,F54/J$5,I54/J$5) -> 0 | K54: =+B54*(F54+I54) -> 0 | L54: =IFERROR(((K54/$K$11)*$F$11)/(F54+I54),0) -> 0 | M54: =+L54*(F54+I54) -> 0 | N54: =IF(L54=0,0,B54-L54) -> 0 | O54: =+K54-M54 -> 0
A55: AU 0.7 Grade A | B55: =_xlfn.IFNA(_xlfn.XLOOKUP(A55,'Price list'!J:J,'Price list'!K:K),0) -> 34000 | C55: Kg | H55: =IF(G55=0,"",_xlfn.XLOOKUP(G55,List_item!A:A,List_item!B:B)) | I55: 0 | J55: =IF(F55/J$5>0,F55/J$5,I55/J$5) -> 0 | K55: =+B55*(F55+I55) -> 0 | L55: =IFERROR(((K55/$K$11)*$F$11)/(F55+I55),0) -> 0 | M55: =+L55*(F55+I55) -> 0 | N55: =IF(L55=0,0,B55-L55) -> 0 | O55: =+K55-M55 -> 0
A56: AU 0.8 Grade A | B56: =_xlfn.IFNA(_xlfn.XLOOKUP(A56,'Price list'!J:J,'Price list'!K:K),0) -> 34000 | C56: Kg | H56: =IF(G56=0,"",_xlfn.XLOOKUP(G56,List_item!A:A,List_item!B:B)) | I56: 0 | J56: =IF(F56/J$5>0,F56/J$5,I56/J$5) -> 0 | K56: =+B56*(F56+I56) -> 0 | L56: =IFERROR(((K56/$K$11)*$F$11)/(F56+I56),0) -> 0 | M56: =+L56*(F56+I56) -> 0 | N56: =IF(L56=0,0,B56-L56) -> 0 | O56: =+K56-M56 -> 0
A57: AU 0.9 Grade A | B57: =_xlfn.IFNA(_xlfn.XLOOKUP(A57,'Price list'!J:J,'Price list'!K:K),0) -> 34000 | C57: Kg | H57: =IF(G57=0,"",_xlfn.XLOOKUP(G57,List_item!A:A,List_item!B:B)) | I57: 0 | J57: =IF(F57/J$5>0,F57/J$5,I57/J$5) -> 0 | K57: =+B57*(F57+I57) -> 0 | L57: =IFERROR(((K57/$K$11)*$F$11)/(F57+I57),0) -> 0 | M57: =+L57*(F57+I57) -> 0 | N57: =IF(L57=0,0,B57-L57) -> 0 | O57: =+K57-M57 -> 0
... A70: AU MIX | B70: =_xlfn.IFNA(_xlfn.XLOOKUP(A70,'Price list'!J:J,'Price list'!K:K),0) -> 0 | C70: Kg | H70: =IF(G70=0,"",_xlfn.XLOOKUP(G70,List_item!A:A,List_item!B:B)) | I70: 0 | J70: =IF(F70/J$5>0,F70/J$5,I70/J$5) -> 0 | K70: =+B70*(F70+I70) -> 0 | L70: =IFERROR(((K70/$K$11)*$F$11)/(F70+I70),0) -> 0 | M70: =+L70*(F70+I70) -> 0 | N70: =IF(L70=0,0,B70-L70) -> 0 | O70: =+K70-M70 -> 0
A71: BLD A | B71: =_xlfn.IFNA(_xlfn.XLOOKUP(A71,'Price list'!J:J,'Price list'!K:K),0) -> 45000 | C71: Kg | H71: =IF(G71=0,"",_xlfn.XLOOKUP(G71,List_item!A:A,List_item!B:B)) | I71: 0 | J71: =IF(F71/J$5>0,F71/J$5,I71/J$5) -> 0 | K71: =+B71*(F71+I71) -> 0 | L71: =IFERROR(((K71/$K$11)*$F$11)/(F71+I71),0)+IFERROR(((K71/SUMIF(H:H,"*Boneless*",K:K))*$F$6)/I71,0) -> 0 | M71: =+L71*(F71+I71) -> 0 | N71: =IF(L71=0,0,B71-L71) -> 0 | O71: =+K71-M71 -> 0 | P71: =IFERROR(((K71/SUMIF(H:H,"*Boneless*",K:K))*$F$6),0) -> 0 | Q71: =SUMIF(H:H,"*Boneless*",K:K) -> 0
A72: BLD R | B72: =_xlfn.IFNA(_xlfn.XLOOKUP(A72,'Price list'!J:J,'Price list'!K:K),0) -> 0 | C72: Kg | H72: =IF(G72=0,"",_xlfn.XLOOKUP(G72,List_item!A:A,List_item!B:B)) | I72: 0 | J72: =IF(F72/J$5>0,F72/J$5,I72/J$5) -> 0 | K72: =+B72*(F72+I72) -> 0 | L72: =IFERROR(((K72/$K$11)*$F$11)/(F72+I72),0) -> 0 | M72: =+L72*(F72+I72) -> 0 | N72: =IF(L72=0,0,B72-L72) -> 0 | O72: =+K72-M72 -> 0
A73: BLP A | B73: =_xlfn.IFNA(_xlfn.XLOOKUP(A73,'Price list'!J:J,'Price list'!K:K),0) -> 44000 | C73: Kg | H73: =IF(G73=0,"",_xlfn.XLOOKUP(G73,List_item!A:A,List_item!B:B)) | I73: 0 | J73: =IF(F73/J$5>0,F73/J$5,I73/J$5) -> 0 | K73: =+B73*(F73+I73) -> 0 | L73: =IFERROR(((K73/$K$11)*$F$11)/(F73+I73),0) -> 0 | M73: =+L73*(F73+I73) -> 0 | N73: =IF(L73=0,0,B73-L73) -> 0 | O73: =+K73-M73 -> 0
A74: BLP R | B74: =_xlfn.IFNA(_xlfn.XLOOKUP(A74,'Price list'!J:J,'Price list'!K:K),0) -> 0 | C74: Kg | H74: =IF(G74=0,"",_xlfn.XLOOKUP(G74,List_item!A:A,List_item!B:B)) | I74: 0 | J74: =IF(F74/J$5>0,F74/J$5,I74/J$5) -> 0 | K74: =+B74*(F74+I74) -> 0 | L74: =IFERROR(((K74/$K$11)*$F$11)/(F74+I74),0) -> 0 | M74: =+L74*(F74+I74) -> 0 | N74: =IF(L74=0,0,B74-L74) -> 0 | O74: =+K74-M74 -> 0
A75: SAYAP R | B75: =_xlfn.IFNA(_xlfn.XLOOKUP(A75,'Price list'!J:J,'Price list'!K:K),0) -> 0 | C75: Kg | H75: =IF(G75=0,"",_xlfn.XLOOKUP(G75,List_item!A:A,List_item!B:B)) | I75: 0 | J75: =IF(F75/J$5>0,F75/J$5,I75/J$5) -> 0 | K75: =+B75*(F75+I75) -> 0 | L75: =IFERROR(((K75/$K$11)*$F$11)/(F75+I75),0) -> 0 | M75: =+L75*(F75+I75) -> 0 | N75: =IF(L75=0,0,B75-L75) -> 0 | O75: =+K75-M75 -> 0
A76: Ampela Ayam | B76: =_xlfn.IFNA(_xlfn.XLOOKUP(A76,'Price list'!J:J,'Price list'!K:K),0) -> 0 | C76: Kg | H76: =IF(G76=0,"",_xlfn.XLOOKUP(G76,List_item!A:A,List_item!B:B)) | I76: 0 | J76: =IF(F76/J$5>0,F76/J$5,I76/J$5) -> 0 | K76: =+B76*(F76+I76) -> 0 | L76: =IFERROR(((K76/$K$11)*$F$11)/(F76+I76),0) -> 0 | M76: =+L76*(F76+I76) -> 0 | N76: =IF(L76=0,0,B76-L76) -> 0 | O76: =+K76-M76 -> 0
A77: HATI ayam | B77: =_xlfn.IFNA(_xlfn.XLOOKUP(A77,'Price list'!J:J,'Price list'!K:K),0) -> 0 | C77: Kg | H77: =IF(G77=0,"",_xlfn.XLOOKUP(G77,List_item!A:A,List_item!B:B)) | I77: 0 | J77: =IF(F77/J$5>0,F77/J$5,I77/J$5) -> 0 | K77: =+B77*(F77+I77) -> 0 | L77: =IFERROR(((K77/$K$11)*$F$11)/(F77+I77),0) -> 0 | M77: =+L77*(F77+I77) -> 0 | N77: =IF(L77=0,0,B77-L77) -> 0 | O77: =+K77-M77 -> 0
A78: Kulit Leher (Trading) | B78: =_xlfn.IFNA(_xlfn.XLOOKUP(A78,'Price list'!J:J,'Price list'!K:K),0) -> 0 | C78: Kg | H78: =IF(G78=0,"",_xlfn.XLOOKUP(G78,List_item!A:A,List_item!B:B)) | I78: 0 | J78: =IF(F78/J$5>0,F78/J$5,I78/J$5) -> 0 | K78: =+B78*(F78+I78) -> 0 | L78: =IFERROR(((K78/$K$11)*$F$11)/(F78+I78),0) -> 0 | M78: =+L78*(F78+I78) -> 0 | N78: =IF(L78=0,0,B78-L78) -> 0 | O78: =+K78-M78 -> 0
A79: TULANG MUDA | B79: =_xlfn.IFNA(_xlfn.XLOOKUP(A79,'Price list'!J:J,'Price list'!K:K),0) -> 0 | C79: Kg | H79: =IF(G79=0,"",_xlfn.XLOOKUP(G79,List_item!A:A,List_item!B:B)) | I79: 0 | J79: =IF(F79/J$5>0,F79/J$5,I79/J$5) -> 0 | K79: =+B79*(F79+I79) -> 0 | L79: =IFERROR(((K79/$K$11)*$F$11)/(F79+I79),0) -> 0 | M79: =+L79*(F79+I79) -> 0 | N79: =IF(L79=0,0,B79-L79) -> 0 | O79: =+K79-M79 -> 0
A80: karkas amindo R | B80: =_xlfn.IFNA(_xlfn.XLOOKUP(A80,'Price list'!J:J,'Price list'!K:K),0) -> 0 | C80: Kg | H80: =IF(G80=0,"",_xlfn.XLOOKUP(G80,List_item!A:A,List_item!B:B)) | I80: 0 | J80: =IF(F80/J$5>0,F80/J$5,I80/J$5) -> 0 | K80: =+B80*(F80+I80) -> 0 | L80: =IFERROR(((K80/$K$11)*$F$11)/(F80+I80),0) -> 0 | M80: =+L80*(F80+I80) -> 0 | N80: =IF(L80=0,0,B80-L80) -> 0 | O80: =+K80-M80 -> 0
A81: Lemak Trimming | B81: =_xlfn.IFNA(_xlfn.XLOOKUP(A81,'Price list'!J:J,'Price list'!K:K),0) -> 36000 | C81: Kg | H81: =IF(G81=0,"",_xlfn.XLOOKUP(G81,List_item!A:A,List_item!B:B)) | I81: 0 | J81: =IF(F81/J$5>0,F81/J$5,I81/J$5) -> 0 | K81: =+B81*(F81+I81) -> 0 | L81: =IFERROR(((K81/$K$11)*$F$11)/(F81+I81),0)+IFERROR(((K81/SUMIF(H:H,"*Boneless*",K:K))*$F$6)/I81,0) -> 0 | M81: =+L81*(F81+I81) -> 0 | N81: =IF(L81=0,0,B81-L81) -> 0 | O81: =+K81-M81 -> 0 | P81: =IFERROR(((K81/SUMIF(H:H,"*Boneless*",K:K))*$F$6),0) -> 0 | Q81: =SUMIF(H:H,"*Boneless*",K:K) -> 0
A83: Dibuat Oleh, | G83: Diperiksa Oleh,

Sheet Pot_ISA28
I1: =+I9/E11 -> 3.7793857
A2: Harga Perolehan | G2: Ref. Dokumen
A3: Live Bird | B3: =((3100+3300+3351.3+3304)+(3300+3500))*25000 -> 496382500 | G3: 061/09/INVALBERTUS/2026 & #12 | H3: PI26090093 & (PENDING KE OKTOBER) | I3: Supplier | J3: ALBERTUS & AGUS WIBOWO
A4: Biaya Ekspedisi | B4: =7*1500000 -> 10500000 | H4: PI26090079 | I4: Tgl. Potong | J4: 46293 | K4: HASIL POTONG | M4: SUSUT | N4: Ayam Mati | O4: KG Mati
A5: Biaya Potong | B5: 26861234 | G5: RPB-RPA/26/IX/00239 | H5: PI26090080 | I5: Total KG LB | J5: =((3100+3300+3351.3+3304)+(3300+3500)) -> 19855.3 | K5: 18635 | L5: =J5-K5 -> 1220.3 | M5: =L5/J5 -> 0.061459661 | N5: 130 | O5: 186.5
A6: Total | B6: =SUBTOTAL(9,B3:B5) -> 5.3374373e+08 | E6: Biaya BL
B7: =B6+F6 -> 5.3374373e+08 | I7: =3100+3300+3351.3+3304+3100 -> 16155.3
I9: =J9+3300.2*2 -> 26455.7 | J9: =J5-J7 -> 19855.3 | K9: Est. GP Margin | L9: =SUM(K12:K66)/M11-1 -> -0.019876644
A10: Produk | B10: Price/Kg | C10: Satuan | E10: SKU Fresh | F10: Non Blasting | G10: No. SKU | H10: Item Name | I10: Qty | J10: Yield | K10: Est. Harga Jual | L10: COGS/Kg | M10: COGS/Item | N10: (Price/Kg - COGS/Kg) | O10: (Est. Harga Jual - COGS/Item) | P10: Notes
E11: 7000 | F11: =+B6 -> 5.3374373e+08 | I11: =SUM(I12:I90) -> 17203.8 | J11: =SUM(J12:J90) -> 0.86645883 | K11: =SUM(K12:K90) -> 523134700 | M11: =SUM(M12:M90) -> 5.3374373e+08 | O11: =SUM(O12:O90) -> -10609034
A12: AU 0.3 | B12: =_xlfn.IFNA(_xlfn.XLOOKUP(A12,'Price list'!J:J,'Price list'!K:K),0) -> 0 | C12: Kg | H12: =IF(G12=0,"",_xlfn.XLOOKUP(G12,List_item!A:A,List_item!B:B)) | I12: 0 | J12: =IF(F12/J$5>0,F12/J$5,I12/J$5) -> 0 | K12: =+B12*(F12+I12) -> 0 | L12: =IFERROR(((K12/$K$11)*$F$11)/(F12+I12),0) -> 0 | M12: =+L12*(F12+I12) -> 0 | N12: =IF(L12=0,0,B12-L12) -> 0 | O12: =+K12-M12 -> 0
A13: AU 0.4 | B13: =_xlfn.IFNA(_xlfn.XLOOKUP(A13,'Price list'!J:J,'Price list'!K:K),0) -> 0 | C13: Kg | H13: =IF(G13=0,"",_xlfn.XLOOKUP(G13,List_item!A:A,List_item!B:B)) | I13: 0 | J13: =IF(F13/J$5>0,F13/J$5,I13/J$5) -> 0 | K13: =+B13*(F13+I13) -> 0 | L13: =IFERROR(((K13/$K$11)*$F$11)/(F13+I13),0) -> 0 | M13: =+L13*(F13+I13) -> 0 | N13: =IF(L13=0,0,B13-L13) -> 0 | O13: =+K13-M13 -> 0
A14: AU 0.5 | B14: =_xlfn.IFNA(_xlfn.XLOOKUP(A14,'Price list'!J:J,'Price list'!K:K),0) -> 37000 | C14: Kg | G14: JLB1865 | H14: =IF(G14=0,"",_xlfn.XLOOKUP(G14,List_item!A:A,List_item!B:B)) -> Karkas Uk 0.5 Karkas Uk 0.5 Frozen Premium | I14: 22.3 | J14: =IF(F14/J$5>0,F14/J$5,I14/J$5) -> 0.0011231258 | K14: =+B14*(F14+I14) -> 825100 | L14: =IFERROR(((K14/$K$11)*$F$11)/(F14+I14),0) -> 37750.35 | M14: =+L14*(F14+I14) -> 841832.81 | N14: =IF(L14=0,0,B14-L14) -> -750.35029 | O14: =+K14-M14 -> -16732.811
A15: AU 0.6 | B15: =_xlfn.IFNA(_xlfn.XLOOKUP(A15,'Price list'!J:J,'Price list'!K:K),0) -> 37000 | C15: Kg | G15: JLB1866 | H15: =IF(G15=0,"",_xlfn.XLOOKUP(G15,List_item!A:A,List_item!B:B)) -> Karkas Uk 0.6 Karkas Uk 0.6 Frozen Premium | I15: 112.1 | J15: =IF(F15/J$5>0,F15/J$5,I15/J$5) -> 0.0056458477 | K15: =+B15*(F15+I15) -> 4147700 | L15: =IFERROR(((K15/$K$11)*$F$11)/(F15+I15),0) -> 37750.35 | M15: =+L15*(F15+I15) -> 4231814.3 | N15: =IF(L15=0,0,B15-L15) -> -750.35029 | O15: =+K15-M15 -> -84114.267
A16: AU 0.7 | B16: =_xlfn.IFNA(_xlfn.XLOOKUP(A16,'Price list'!J:J,'Price list'!K:K),0) -> 37000 | C16: Kg | G16: JLB1867 | H16: =IF(G16=0,"",_xlfn.XLOOKUP(G16,List_item!A:A,List_item!B:B)) -> Karkas Uk 0.7 Karkas Uk 0.7 Frozen Premium | I16: 671.3 | J16: =IF(F16/J$5>0,F16/J$5,I16/J$5) -> 0.033809613 | K16: =+B16*(F16+I16) -> 24838100 | L16: =IFERROR(((K16/$K$11)*$F$11)/(F16+I16),0) -> 37750.35 | M16: =+L16*(F16+I16) -> 25341810 | N16: =IF(L16=0,0,B16-L16) -> -750.35029 | O16: =+K16-M16 -> -503710.15
A17: AU 0.8 | B17: =_xlfn.IFNA(_xlfn.XLOOKUP(A17,'Price list'!J:J,'Price list'!K:K),0) -> 37000 | C17: Kg | G17: JLB1859 | H17: =IF(G17=0,"",_xlfn.XLOOKUP(G17,List_item!A:A,List_item!B:B)) -> Karkas Uk 0.8 Frozen Premium | I17: 654 | J17: =IF(F17/J$5>0,F17/J$5,I17/J$5) -> 0.032938309 | K17: =+B17*(F17+I17) -> 24198000 | L17: =IFERROR(((K17/$K$11)*$F$11)/(F17+I17),0) -> 37750.35 | M17: =+L17*(F17+I17) -> 24688729 | N17: =IF(L17=0,0,B17-L17) -> -750.35029 | O17: =+K17-M17 -> -490729.09
A18: AU 0.9 | B18: =_xlfn.IFNA(_xlfn.XLOOKUP(A18,'Price list'!J:J,'Price list'!K:K),0) -> 37000 | C18: Kg | G18: JLB1858 | H18: =IF(G18=0,"",_xlfn.XLOOKUP(G18,List_item!A:A,List_item!B:B)) -> Karkas Uk 0.9 Frozen Premium | I18: 2770.4 | J18: =IF(F18/J$5>0,F18/J$5,I18/J$5) -> 0.1395295 | K18: =+B18*(F18+I18) -> 102504800 | L18: =IFERROR(((K18/$K$11)*$F$11)/(F18+I18),0) -> 37750.35 | M18: =+L18*(F18+I18) -> 1.0458357e+08 | N18: =IF(L18=0,0,B18-L18) -> -750.35029 | O18: =+K18-M18 -> -2078770.4
A19: AU 0.9 | B19: =_xlfn.IFNA(_xlfn.XLOOKUP(A19,'Price list'!J:J,'Price list'!K:K),0) -> 37000 | C19: Kg | G19: JLB0593 | H19: =IF(G19=0,"",_xlfn.XLOOKUP(G19,List_item!A:A,List_item!B:B)) -> Karkas Uk 0.9 Karkas Uk 0.9 Fresh Premium | I19: 1088.4 | J19: =IF(F19/J$5>0,F19/J$5,I19/J$5) -> 0.054816598 | K19: =+B19*(F19+I19) -> 40270800 | L19: =IFERROR(((K19/$K$11)*$F$11)/(F19+I19),0) -> 37750.35 | M19: =+L19*(F19+I19) -> 41087481 | N19: =IF(L19=0,0,B19-L19) -> -750.35029 | O19: =+K19-M19 -> -816681.25
A20: AU 1.0 | B20: =_xlfn.IFNA(_xlfn.XLOOKUP(A20,'Price list'!J:J,'Price list'!K:K),0) -> 37000 | C20: Kg | G20: JLB0690 | H20: =IF(G20=0,"",_xlfn.XLOOKUP(G20,List_item!A:A,List_item!B:B)) -> Karkas Uk 1.0 Karkas Uk 1.0 Frozen Premium | I20: 381.6 | J20: =IF(F20/J$5>0,F20/J$5,I20/J$5) -> 0.01921905 | K20: =+B20*(F20+I20) -> 14119200 | L20: =IFERROR(((K20/$K$11)*$F$11)/(F20+I20),0) -> 37750.35 | M20: =+L20*(F20+I20) -> 14405534 | N20: =IF(L20=0,0,B20-L20) -> -750.35029 | O20: =+K20-M20 -> -286333.67
A21: AU 1.0 | B21: =_xlfn.IFNA(_xlfn.XLOOKUP(A21,'Price list'!J:J,'Price list'!K:K),0) -> 37000 | C21: Kg | G21: JLB0658 | H21: =IF(G21=0,"",_xlfn.XLOOKUP(G21,List_item!A:A,List_item!B:B)) -> Karkas Uk 1.0 Karkas Uk 1.0 Fresh Premium | I21: 1844.1 | J21: =IF(F21/J$5>0,F21/J$5,I21/J$5) -> 0.092876965 | K21: =+B21*(F21+I21) -> 68231700 | L21: =IFERROR(((K21/$K$11)*$F$11)/(F21+I21),0) -> 37750.35 | M21: =+L21*(F21+I21) -> 69615421 | N21: =IF(L21=0,0,B21-L21) -> -750.35029 | O21: =+K21-M21 -> -1383721
A22: AU 1.1 | B22: =_xlfn.IFNA(_xlfn.XLOOKUP(A22,'Price list'!J:J,'Price list'!K:K),0) -> 37000 | C22: Kg | G22: JLB0756 | H22: =IF(G22=0,"",_xlfn.XLOOKUP(G22,List_item!A:A,List_item!B:B)) -> Karkas Uk 1.1 Karkas Uk 1.1 Frozen Premium | I22: 634.4 | J22: =IF(F22/J$5>0,F22/J$5,I22/J$5) -> 0.031951167 | K22: =+B22*(F22+I22) -> 23472800 | L22: =IFERROR(((K22/$K$11)*$F$11)/(F22+I22),0) -> 37750.35 | M22: =+L22*(F22+I22) -> 23948822 | N22: =IF(L22=0,0,B22-L22) -> -750.35029 | O22: =+K22-M22 -> -476022.22
A23: AU 1.1 | B23: =_xlfn.IFNA(_xlfn.XLOOKUP(A23,'Price list'!J:J,'Price list'!K:K),0) -> 37000 | C23: Kg | G23: JLB0724 | H23: =IF(G23=0,"",_xlfn.XLOOKUP(G23,List_item!A:A,List_item!B:B)) -> Karkas Uk 1.1 Karkas Uk 1.1 Fresh Premium | I23: 1524.1 | J23: =IF(F23/J$5>0,F23/J$5,I23/J$5) -> 0.076760361 | K23: =+B23*(F23+I23) -> 56391700 | L23: =IFERROR(((K23/$K$11)*$F$11)/(F23+I23),0) -> 37750.35 | M23: =+L23*(F23+I23) -> 57535309 | N23: =IF(L23=0,0,B23-L23) -> -750.35029 | O23: =+K23-M23 -> -1143608.9
A24: AU 1.2 | B24: =_xlfn.IFNA(_xlfn.XLOOKUP(A24,'Price list'!J:J,'Price list'!K:K),0) -> 37000 | C24: Kg | G24: JLB0822 | H24: =IF(G24=0,"",_xlfn.XLOOKUP(G24,List_item!A:A,List_item!B:B)) -> Karkas Uk 1.2 Karkas Uk 1.2 Frozen Premium | I24: 1475.6 | J24: =IF(F24/J$5>0,F24/J$5,I24/J$5) -> 0.074317688 | K24: =+B24*(F24+I24) -> 54597200 | L24: =IFERROR(((K24/$K$11)*$F$11)/(F24+I24),0) -> 37750.35 | M24: =+L24*(F24+I24) -> 55704417 | N24: =IF(L24=0,0,B24-L24) -> -750.35029 | O24: =+K24-M24 -> -1107216.9
A25: AU 1.3 | B25: =_xlfn.IFNA(_xlfn.XLOOKUP(A25,'Price list'!J:J,'Price list'!K:K),0) -> 37000 | C25: Kg | G25: JLB0888 | H25: =IF(G25=0,"",_xlfn.XLOOKUP(G25,List_item!A:A,List_item!B:B)) -> Karkas Uk 1.3 Karkas Uk 1.3 Frozen Premium | I25: 366.3 | J25: =IF(F25/J$5>0,F25/J$5,I25/J$5) -> 0.018448475 | K25: =+B25*(F25+I25) -> 13553100 | L25: =IFERROR(((K25/$K$11)*$F$11)/(F25+I25),0) -> 37750.35 | M25: =+L25*(F25+I25) -> 13827953 | N25: =IF(L25=0,0,B25-L25) -> -750.35029 | O25: =+K25-M25 -> -274853.31
... A28: AU 1.6 | B28: =_xlfn.IFNA(_xlfn.XLOOKUP(A28,'Price list'!J:J,'Price list'!K:K),0) -> 37000 | C28: Kg | G28: JLB1086 | H28: =IF(G28=0,"",_xlfn.XLOOKUP(G28,List_item!A:A,List_item!B:B)) -> Karkas Uk 1.6 Karkas Uk 1.6 Frozen Premium | I28: 5 | J28: =IF(F28/J$5>0,F28/J$5,I28/J$5) -> 0.00025182193 | K28: =+B28*(F28+I28) -> 185000 | L28: =IFERROR(((K28/$K$11)*$F$11)/(F28+I28),0) -> 37750.35 | M28: =+L28*(F28+I28) -> 188751.75 | N28: =IF(L28=0,0,B28-L28) -> -750.35029 | O28: =+K28-M28 -> -3751.7514
A29: AU 1.7 | B29: =_xlfn.IFNA(_xlfn.XLOOKUP(A29,'Price list'!J:J,'Price list'!K:K),0) -> 37000 | C29: Kg | H29: =IF(G29=0,"",_xlfn.XLOOKUP(G29,List_item!A:A,List_item!B:B)) | I29: 0 | J29: =IF(F29/J$5>0,F29/J$5,I29/J$5) -> 0 | K29: =+B29*(F29+I29) -> 0 | L29: =IFERROR(((K29/$K$11)*$F$11)/(F29+I29),0) -> 0 | M29: =+L29*(F29+I29) -> 0 | N29: =IF(L29=0,0,B29-L29) -> 0 | O29: =+K29-M29 -> 0
A30: AU 1.8 | B30: =_xlfn.IFNA(_xlfn.XLOOKUP(A30,'Price list'!J:J,'Price list'!K:K),0) -> 37000 | C30: Kg | H30: =IF(G30=0,"",_xlfn.XLOOKUP(G30,List_item!A:A,List_item!B:B)) | I30: 0 | J30: =IF(F30/J$5>0,F30/J$5,I30/J$5) -> 0 | K30: =+B30*(F30+I30) -> 0 | L30: =IFERROR(((K30/$K$11)*$F$11)/(F30+I30),0) -> 0 | M30: =+L30*(F30+I30) -> 0 | N30: =IF(L30=0,0,B30-L30) -> 0 | O30: =+K30-M30 -> 0
A31: AU 1.9 | B31: =_xlfn.IFNA(_xlfn.XLOOKUP(A31,'Price list'!J:J,'Price list'!K:K),0) -> 37000 | C31: Kg | H31: =IF(G31=0,"",_xlfn.XLOOKUP(G31,List_item!A:A,List_item!B:B)) | I31: 0 | J31: =IF(F31/J$5>0,F31/J$5,I31/J$5) -> 0 | K31: =+B31*(F31+I31) -> 0 | L31: =IFERROR(((K31/$K$11)*$F$11)/(F31+I31),0)+IFERROR(((K31/SUMIF(H:H,"*Boneless*",K:K))*$F$6)/I31,0) -> 0 | M31: =+L31*(F31+I31) -> 0 | N31: =IF(L31=0,0,B31-L31) -> 0 | O31: =+K31-M31 -> 0 | P31: =IFERROR(((K31/SUMIF(H:H,"*Boneless*",K:K))*$F$6),0) -> 0 | Q31: =SUMIF(H:H,"*Boneless*",K:K) -> 25950100
A32: AU 2.0 | B32: =_xlfn.IFNA(_xlfn.XLOOKUP(A32,'Price list'!J:J,'Price list'!K:K),0) -> 37000 | C32: Kg | H32: =IF(G32=0,"",_xlfn.XLOOKUP(G32,List_item!A:A,List_item!B:B)) | I32: 0 | J32: =IF(F32/J$5>0,F32/J$5,I32/J$5) -> 0 | K32: =+B32*(F32+I32) -> 0 | L32: =IFERROR(((K32/$K$11)*$F$11)/(F32+I32),0) -> 0 | M32: =+L32*(F32+I32) -> 0 | N32: =IF(L32=0,0,B32-L32) -> 0 | O32: =+K32-M32 -> 0
A33: AU UP | B33: =_xlfn.IFNA(_xlfn.XLOOKUP(A33,'Price list'!J:J,'Price list'!K:K),0) -> 0 | C33: Kg | H33: =IF(G33=0,"",_xlfn.XLOOKUP(G33,List_item!A:A,List_item!B:B)) | I33: 0 | J33: =IF(F33/J$5>0,F33/J$5,I33/J$5) -> 0 | K33: =+B33*(F33+I33) -> 0 | L33: =IFERROR(((K33/$K$11)*$F$11)/(F33+I33),0)+IFERROR(((K33/SUMIF(H:H,"*Boneless*",K:K))*$F$6)/I33,0) -> 0 | M33: =+L33*(F33+I33) -> 0 | N33: =IF(L33=0,0,B33-L33) -> 0 | O33: =+K33-M33 -> 0 | P33: =IFERROR(((K33/SUMIF(H:H,"*Boneless*",K:K))*$F$6),0) -> 0 | Q33: =SUMIF(H:H,"*Boneless*",K:K) -> 25950100
A34: BLD | B34: =_xlfn.IFNA(_xlfn.XLOOKUP(A34,'Price list'!J:J,'Price list'!K:K),0) -> 50000 | C34: Kg | H34: =IF(G34=0,"",_xlfn.XLOOKUP(G34,List_item!A:A,List_item!B:B)) | I34: 0 | J34: =IF(F34/J$5>0,F34/J$5,I34/J$5) -> 0 | K34: =+B34*(F34+I34) -> 0 | L34: =IFERROR(((K34/$K$11)*$F$11)/(F34+I34),0)+IFERROR(((K34/SUMIF(H:H,"*Boneless*",K:K))*$F$6)/I34,0) -> 0 | M34: =+L34*(F34+I34) -> 0 | N34: =IF(L34=0,0,B34-L34) -> 0 | O34: =+K34-M34 -> 0 | P34: =IFERROR(((K34/SUMIF(H:H,"*Boneless*",K:K))*$F$6),0) -> 0 | Q34: =SUMIF(H:H,"*Boneless*",K:K) -> 25950100
A35: BLPK | B35: =_xlfn.IFNA(_xlfn.XLOOKUP(A35,'Price list'!J:J,'Price list'!K:K),0) -> 48000 | C35: Kg | H35: =IF(G35=0,"",_xlfn.XLOOKUP(G35,List_item!A:A,List_item!B:B)) | I35: 0 | J35: =IF(F35/J$5>0,F35/J$5,I35/J$5) -> 0 | K35: =+B35*(F35+I35) -> 0 | L35: =IFERROR(((K35/$K$11)*$F$11)/(F35+I35),0)+IFERROR(((K35/SUMIF(H:H,"*Boneless*",K:K))*$F$6)/I35,0) -> 0 | M35: =+L35*(F35+I35) -> 0 | N35: =IF(L35=0,0,B35-L35) -> 0 | O35: =+K35-M35 -> 0 | P35: =IFERROR(((K35/SUMIF(H:H,"*Boneless*",K:K))*$F$6),0) -> 0 | Q35: =SUMIF(H:H,"*Boneless*",K:K) -> 25950100
A36: BLP | B36: =_xlfn.IFNA(_xlfn.XLOOKUP(A36,'Price list'!J:J,'Price list'!K:K),0) -> 49000 | C36: Kg | H36: =IF(G36=0,"",_xlfn.XLOOKUP(G36,List_item!A:A,List_item!B:B)) | I36: 0 | J36: =IF(F36/J$5>0,F36/J$5,I36/J$5) -> 0 | K36: =+B36*(F36+I36) -> 0 | L36: =IFERROR(((K36/$K$11)*$F$11)/(F36+I36),0)+IFERROR(((K36/SUMIF(H:H,"*Boneless*",K:K))*$F$6)/I36,0) -> 0 | M36: =+L36*(F36+I36) -> 0 | N36: =IF(L36=0,0,B36-L36) -> 0 | O36: =+K36-M36 -> 0 | P36: =IFERROR(((K36/SUMIF(H:H,"*Boneless*",K:K))*$F$6),0) -> 0 | Q36: =SUMIF(H:H,"*Boneless*",K:K) -> 25950100
A37: Krk | B37: =_xlfn.IFNA(_xlfn.XLOOKUP(A37,'Price list'!J:J,'Price list'!K:K),0) -> 12500 | C37: Kg | H37: =IF(G37=0,"",_xlfn.XLOOKUP(G37,List_item!A:A,List_item!B:B)) | I37: 0 | J37: =IF(F37/J$5>0,F37/J$5,I37/J$5) -> 0 | K37: =+B37*(F37+I37) -> 0 | L37: =IFERROR(((K37/$K$11)*$F$11)/(F37+I37),0)+IFERROR(((K37/SUMIF(H:H,"*Boneless*",K:K))*$F$6)/I37,0) -> 0 | M37: =+L37*(F37+I37) -> 0 | N37: =IF(L37=0,0,B37-L37) -> 0 | O37: =+K37-M37 -> 0 | P37: =IFERROR(((K37/SUMIF(H:H,"*Boneless*",K:K))*$F$6),0) -> 0 | Q37: =SUMIF(H:H,"*Boneless*",K:K) -> 25950100
A38: kulit | B38: =_xlfn.IFNA(_xlfn.XLOOKUP(A38,'Price list'!J:J,'Price list'!K:K),0) -> 32000 | C38: Kg | H38: =IF(G38=0,"",_xlfn.XLOOKUP(G38,List_item!A:A,List_item!B:B)) | I38: 0 | J38: =IF(F38/J$5>0,F38/J$5,I38/J$5) -> 0 | K38: =+B38*(F38+I38) -> 0 | L38: =IFERROR(((K38/$K$11)*$F$11)/(F38+I38),0)+IFERROR(((K38/SUMIF(H:H,"*Boneless*",K:K))*$F$6)/I38,0) -> 0 | M38: =+L38*(F38+I38) -> 0 | N38: =IF(L38=0,0,B38-L38) -> 0 | O38: =+K38-M38 -> 0 | P38: =IFERROR(((K38/SUMIF(H:H,"*Boneless*",K:K))*$F$6),0) -> 0 | Q38: =SUMIF(H:H,"*Boneless*",K:K) -> 25950100
A39: Sayap | B39: =_xlfn.IFNA(_xlfn.XLOOKUP(A39,'Price list'!J:J,'Price list'!K:K),0) -> 36000 | C39: Kg | H39: =IF(G39=0,"",_xlfn.XLOOKUP(G39,List_item!A:A,List_item!B:B)) | I39: 0 | J39: =IF(F39/J$5>0,F39/J$5,I39/J$5) -> 0 | K39: =+B39*(F39+I39) -> 0 | L39: =IFERROR(((K39/$K$11)*$F$11)/(F39+I39),0) -> 0 | M39: =+L39*(F39+I39) -> 0 | N39: =IF(L39=0,0,B39-L39) -> 0 | O39: =+K39-M39 -> 0
A40: Sayap grade A | B40: =_xlfn.IFNA(_xlfn.XLOOKUP(A40,'Price list'!J:J,'Price list'!K:K),0) -> 32000 | C40: Kg | H40: =IF(G40=0,"",_xlfn.XLOOKUP(G40,List_item!A:A,List_item!B:B)) | I40: 0 | J40: =IF(F40/J$5>0,F40/J$5,I40/J$5) -> 0 | K40: =+B40*(F40+I40) -> 0 | L40: =IFERROR(((K40/$K$11)*$F$11)/(F40+I40),0) -> 0 | M40: =+L40*(F40+I40) -> 0 | N40: =IF(L40=0,0,B40-L40) -> 0 | O40: =+K40-M40 -> 0
A41: TLP | B41: =_xlfn.IFNA(_xlfn.XLOOKUP(A41,'Price list'!J:J,'Price list'!K:K),0) -> 5000 | C41: Kg | H41: =IF(G41=0,"",_xlfn.XLOOKUP(G41,List_item!A:A,List_item!B:B)) | I41: 0 | J41: =IF(F41/J$5>0,F41/J$5,I41/J$5) -> 0 | K41: =+B41*(F41+I41) -> 0 | L41: =IFERROR(((K41/$K$11)*$F$11)/(F41+I41),0) -> 0 | M41: =+L41*(F41+I41) -> 0 | N41: =IF(L41=0,0,B41-L41) -> 0 | O41: =+K41-M41 -> 0
A42: Paha Bawah | B42: =_xlfn.IFNA(_xlfn.XLOOKUP(A42,'Price list'!J:J,'Price list'!K:K),0) -> 35000 | C42: Kg | H42: =IF(G42=0,"",_xlfn.XLOOKUP(G42,List_item!A:A,List_item!B:B)) | I42: 0 | J42: =IF(F42/J$5>0,F42/J$5,I42/J$5) -> 0 | K42: =+B42*(F42+I42) -> 0 | L42: =IFERROR(((K42/$K$11)*$F$11)/(F42+I42),0) -> 0 | M42: =+L42*(F42+I42) -> 0 | N42: =IF(L42=0,0,B42-L42) -> 0 | O42: =+K42-M42 -> 0
A43: Lemak | B43: =_xlfn.IFNA(_xlfn.XLOOKUP(A43,'Price list'!J:J,'Price list'!K:K),0) -> 24000 | C43: Kg | G43: JLB0177 | H43: =IF(G43=0,"",_xlfn.XLOOKUP(G43,List_item!A:A,List_item!B:B)) -> Boneless BL Frozen Lemak | I43: 61.7 | J43: =IF(F43/J$5>0,F43/J$5,I43/J$5) -> 0.0031074826 | K43: =+B43*(F43+I43) -> 1480800 | L43: =IFERROR(((K43/$K$11)*$F$11)/(F43+I43),0) -> 24486.714 | M43: =+L43*(F43+I43) -> 1510830.2 | N43: =IF(L43=0,0,B43-L43) -> -486.7137 | O43: =+K43-M43 -> -30030.235
A44: Kepala | B44: =_xlfn.IFNA(_xlfn.XLOOKUP(A44,'Price list'!J:J,'Price list'!K:K),0) -> 9500 | C44: Kg | G44: JLB0092 | H44: =IF(G44=0,"",_xlfn.XLOOKUP(G44,List_item!A:A,List_item!B:B)) -> Boneless BL Fresh Kepala | I44: 871.6 | J44: =IF(F44/J$5>0,F44/J$5,I44/J$5) -> 0.043897599 | K44: =+B44*(F44+I44) -> 8280200 | L44: =IFERROR(((K44/$K$11)*$F$11)/(F44+I44),0) -> 9692.6575 | M44: =+L44*(F44+I44) -> 8448120.3 | N44: =IF(L44=0,0,B44-L44) -> -192.65751 | O44: =+K44-M44 -> -167920.28 | P44: ?
A45: Ceker | B45: =_xlfn.IFNA(_xlfn.XLOOKUP(A45,'Price list'!J:J,'Price list'!K:K),0) -> 16000 | C45: Kg | G45: JLB0078 | H45: =IF(G45=0,"",_xlfn.XLOOKUP(G45,List_item!A:A,List_item!B:B)) -> Boneless BL Fresh Ceker | I45: 595.7 | J45: =IF(F45/J$5>0,F45/J$5,I45/J$5) -> 0.030002065 | K45: =+B45*(F45+I45) -> 9531200 | L45: =IFERROR(((K45/$K$11)*$F$11)/(F45+I45),0)+IFERROR(((K45/SUMIF(H:H,"*Boneless*",K:K))*$F$6)/I45,0) -> 16324.476 | M45: =+L45*(F45+I45) -> 9724490.2 | N45: =IF(L45=0,0,B45-L45) -> -324.4758 | O45: =+K45-M45 -> -193290.23 | P45: =IFERROR(((K45/SUMIF(H:H,"*Boneless*",K:K))*$F$6),0) -> 0 | Q45: =SUMIF(H:H,"*Boneless*",K:K) -> 25950100
A46: HJA | B46: =_xlfn.IFNA(_xlfn.XLOOKUP(A46,'Price list'!J:J,'Price list'!K:K),0) -> 4500 | C46: Kg | H46: =IF(G46=0,"",_xlfn.XLOOKUP(G46,List_item!A:A,List_item!B:B)) | I46: 0 | J46: =IF(F46/J$5>0,F46/J$5,I46/J$5) -> 0 | K46: =+B46*(F46+I46) -> 0 | L46: =IFERROR(((K46/$K$11)*$F$11)/(F46+I46),0) -> 0 | M46: =+L46*(F46+I46) -> 0 | N46: =IF(L46=0,0,B46-L46) -> 0 | O46: =+K46-M46 -> 0
A47: Usus | B47: =_xlfn.IFNA(_xlfn.XLOOKUP(A47,'Price list'!J:J,'Price list'!K:K),0) -> 1500 | C47: Kg | G47: JLB0135 | H47: =IF(G47=0,"",_xlfn.XLOOKUP(G47,List_item!A:A,List_item!B:B)) -> Boneless BL Fresh Usus Kotor | I47: 909.7 | J47: =IF(F47/J$5>0,F47/J$5,I47/J$5) -> 0.045816482 | K47: =+B47*(F47+I47) -> 1364550 | L47: =IFERROR(((K47/$K$11)*$F$11)/(F47+I47),0) -> 1530.4196 | M47: =+L47*(F47+I47) -> 1392222.7 | N47: =IF(L47=0,0,B47-L47) -> -30.419606 | O47: =+K47-M47 -> -27672.716
A48: Tungir | B48: =_xlfn.IFNA(_xlfn.XLOOKUP(A48,'Price list'!J:J,'Price list'!K:K),0) -> 22000 | C48: Kg | H48: =IF(G48=0,"",_xlfn.XLOOKUP(G48,List_item!A:A,List_item!B:B)) | I48: 0 | J48: =IF(F48/J$5>0,F48/J$5,I48/J$5) -> 0 | K48: =+B48*(F48+I48) -> 0 | L48: =IFERROR(((K48/$K$11)*$F$11)/(F48+I48),0) -> 0 | M48: =+L48*(F48+I48) -> 0 | N48: =IF(L48=0,0,B48-L48) -> 0 | O48: =+K48-M48 -> 0
A49: Jantung | B49: =_xlfn.IFNA(_xlfn.XLOOKUP(A49,'Price list'!J:J,'Price list'!K:K),0) -> 16000 | C49: Kg | H49: =IF(G49=0,"",_xlfn.XLOOKUP(G49,List_item!A:A,List_item!B:B)) | I49: 0 | J49: =IF(F49/J$5>0,F49/J$5,I49/J$5) -> 0 | K49: =+B49*(F49+I49) -> 0 | L49: =IFERROR(((K49/$K$11)*$F$11)/(F49+I49),0) -> 0 | M49: =+L49*(F49+I49) -> 0 | N49: =IF(L49=0,0,B49-L49) -> 0 | O49: =+K49-M49 -> 0
A50: Ceker B | B50: =_xlfn.IFNA(_xlfn.XLOOKUP(A50,'Price list'!J:J,'Price list'!K:K),0) -> 5000 | C50: Kg | H50: =IF(G50=0,"",_xlfn.XLOOKUP(G50,List_item!A:A,List_item!B:B)) | I50: 0 | J50: =IF(F50/J$5>0,F50/J$5,I50/J$5) -> 0 | K50: =+B50*(F50+I50) -> 0 | L50: =IFERROR(((K50/$K$11)*$F$11)/(F50+I50),0) -> 0 | M50: =+L50*(F50+I50) -> 0 | N50: =IF(L50=0,0,B50-L50) -> 0 | O50: =+K50-M50 -> 0
A51: Giblet | B51: =_xlfn.IFNA(_xlfn.XLOOKUP(A51,'Price list'!J:J,'Price list'!K:K),0) -> 4500 | C51: Kg | G51: JLB0080 | H51: =IF(G51=0,"",_xlfn.XLOOKUP(G51,List_item!A:A,List_item!B:B)) -> Boneless BL Fresh HJA | I51: 1176.3 | J51: =IF(F51/J$5>0,F51/J$5,I51/J$5) -> 0.059243628 | K51: =+B51*(F51+I51) -> 5293350 | L51: =IFERROR(((K51/$K$11)*$F$11)/(F51+I51),0) -> 4591.2588 | M51: =+L51*(F51+I51) -> 5400697.7 | N51: =IF(L51=0,0,B51-L51) -> -91.258819 | O51: =+K51-M51 -> -107347.75
A52: BLD Grade D | B52: =_xlfn.IFNA(_xlfn.XLOOKUP(A52,'Price list'!J:J,'Price list'!K:K),0) -> 0 | C52: Kg | H52: =IF(G52=0,"",_xlfn.XLOOKUP(G52,List_item!A:A,List_item!B:B)) | I52: 0 | J52: =IF(F52/J$5>0,F52/J$5,I52/J$5) -> 0 | K52: =+B52*(F52+I52) -> 0 | L52: =IFERROR(((K52/$K$11)*$F$11)/(F52+I52),0) -> 0 | M52: =+L52*(F52+I52) -> 0 | N52: =IF(L52=0,0,B52-L52) -> 0 | O52: =+K52-M52 -> 0
A53: BLP Grade D | B53: =_xlfn.IFNA(_xlfn.XLOOKUP(A53,'Price list'!J:J,'Price list'!K:K),0) -> 0 | C53: Kg | H53: =IF(G53=0,"",_xlfn.XLOOKUP(G53,List_item!A:A,List_item!B:B)) | I53: 0 | J53: =IF(F53/J$5>0,F53/J$5,I53/J$5) -> 0 | K53: =+B53*(F53+I53) -> 0 | L53: =IFERROR(((K53/$K$11)*$F$11)/(F53+I53),0) -> 0 | M53: =+L53*(F53+I53) -> 0 | N53: =IF(L53=0,0,B53-L53) -> 0 | O53: =+K53-M53 -> 0
A54: AU 0.3 Grade A | B54: =_xlfn.IFNA(_xlfn.XLOOKUP(A54,'Price list'!J:J,'Price list'!K:K),0) -> 0 | C54: Kg | H54: =IF(G54=0,"",_xlfn.XLOOKUP(G54,List_item!A:A,List_item!B:B)) | I54: 0 | J54: =IF(F54/J$5>0,F54/J$5,I54/J$5) -> 0 | K54: =+B54*(F54+I54) -> 0 | L54: =IFERROR(((K54/$K$11)*$F$11)/(F54+I54),0) -> 0 | M54: =+L54*(F54+I54) -> 0 | N54: =IF(L54=0,0,B54-L54) -> 0 | O54: =+K54-M54 -> 0
A55: AU 0.4 Grade A | B55: =_xlfn.IFNA(_xlfn.XLOOKUP(A55,'Price list'!J:J,'Price list'!K:K),0) -> 34000 | C55: Kg | H55: =IF(G55=0,"",_xlfn.XLOOKUP(G55,List_item!A:A,List_item!B:B)) | I55: 0 | J55: =IF(F55/J$5>0,F55/J$5,I55/J$5) -> 0 | K55: =+B55*(F55+I55) -> 0 | L55: =IFERROR(((K55/$K$11)*$F$11)/(F55+I55),0) -> 0 | M55: =+L55*(F55+I55) -> 0 | N55: =IF(L55=0,0,B55-L55) -> 0 | O55: =+K55-M55 -> 0
A56: AU 0.5 Grade A | B56: =_xlfn.IFNA(_xlfn.XLOOKUP(A56,'Price list'!J:J,'Price list'!K:K),0) -> 34000 | C56: Kg | H56: =IF(G56=0,"",_xlfn.XLOOKUP(G56,List_item!A:A,List_item!B:B)) | I56: 0 | J56: =IF(F56/J$5>0,F56/J$5,I56/J$5) -> 0 | K56: =+B56*(F56+I56) -> 0 | L56: =IFERROR(((K56/$K$11)*$F$11)/(F56+I56),0) -> 0 | M56: =+L56*(F56+I56) -> 0 | N56: =IF(L56=0,0,B56-L56) -> 0 | O56: =+K56-M56 -> 0
A57: AU 0.6 Grade A | B57: =_xlfn.IFNA(_xlfn.XLOOKUP(A57,'Price list'!J:J,'Price list'!K:K),0) -> 34000 | C57: Kg | G57: JLB0403 | H57: =IF(G57=0,"",_xlfn.XLOOKUP(G57,List_item!A:A,List_item!B:B)) -> Karkas Uk 0.6 Karkas Uk 0.6 Frozen Grade A | I57: 8.1 | J57: =IF(F57/J$5>0,F57/J$5,I57/J$5) -> 0.00040795153 | K57: =+B57*(F57+I57) -> 275400 | L57: =IFERROR(((K57/$K$11)*$F$11)/(F57+I57),0) -> 34689.511 | M57: =+L57*(F57+I57) -> 280985.04 | N57: =IF(L57=0,0,B57-L57) -> -689.51108 | O57: =+K57-M57 -> -5585.0397
A58: AU 0.7 Grade A | B58: =_xlfn.IFNA(_xlfn.XLOOKUP(A58,'Price list'!J:J,'Price list'!K:K),0) -> 34000 | C58: Kg | G58: JLB0468 | H58: =IF(G58=0,"",_xlfn.XLOOKUP(G58,List_item!A:A,List_item!B:B)) -> Karkas Uk 0.7 Karkas Uk 0.7 Frozen Grade A | I58: 35.3 | J58: =IF(F58/J$5>0,F58/J$5,I58/J$5) -> 0.0017778628 | K58: =+B58*(F58+I58) -> 1200200 | L58: =IFERROR(((K58/$K$11)*$F$11)/(F58+I58),0) -> 34689.511 | M58: =+L58*(F58+I58) -> 1224539.7 | N58: =IF(L58=0,0,B58-L58) -> -689.51108 | O58: =+K58-M58 -> -24339.741
A59: AU 0.8 Grade A | B59: =_xlfn.IFNA(_xlfn.XLOOKUP(A59,'Price list'!J:J,'Price list'!K:K),0) -> 34000 | C59: Kg | G59: JLB0533 | H59: =IF(G59=0,"",_xlfn.XLOOKUP(G59,List_item!A:A,List_item!B:B)) -> Karkas Uk 0.8 Karkas Uk 0.8 Frozen Grade A | I59: 118.9 | J59: =IF(F59/J$5>0,F59/J$5,I59/J$5) -> 0.0059883255 | K59: =+B59*(F59+I59) -> 4042600 | L59: =IFERROR(((K59/$K$11)*$F$11)/(F59+I59),0) -> 34689.511 | M59: =+L59*(F59+I59) -> 4124582.9 | N59: =IF(L59=0,0,B59-L59) -> -689.51108 | O59: =+K59-M59 -> -81982.867
A60: AU 0.9 Grade A | B60: =_xlfn.IFNA(_xlfn.XLOOKUP(A60,'Price list'!J:J,'Price list'!K:K),0) -> 34000 | C60: Kg | G60: JLB0598 | H60: =IF(G60=0,"",_xlfn.XLOOKUP(G60,List_item!A:A,List_item!B:B)) -> Karkas Uk 0.9 Karkas Uk 0.9 Frozen Grade A | I60: 211.2 | J60: =IF(F60/J$5>0,F60/J$5,I60/J$5) -> 0.010636958 | K60: =+B60*(F60+I60) -> 7180800 | L60: =IFERROR(((K60/$K$11)*$F$11)/(F60+I60),0) -> 34689.511 | M60: =+L60*(F60+I60) -> 7326424.7 | N60: =IF(L60=0,0,B60-L60) -> -689.51108 | O60: =+K60-M60 -> -145624.74
A61: AU 1.0 Grade A | B61: =_xlfn.IFNA(_xlfn.XLOOKUP(A61,'Price list'!J:J,'Price list'!K:K),0) -> 34000 | C61: Kg | G61: JLB0663 | H61: =IF(G61=0,"",_xlfn.XLOOKUP(G61,List_item!A:A,List_item!B:B)) -> Karkas Uk 1.0 Karkas Uk 1.0 Frozen Grade A | I61: 366.1 | J61: =IF(F61/J$5>0,F61/J$5,I61/J$5) -> 0.018438402 | K61: =+B61*(F61+I61) -> 12447400 | L61: =IFERROR(((K61/$K$11)*$F$11)/(F61+I61),0) -> 34689.511 | M61: =+L61*(F61+I61) -> 12699830 | N61: =IF(L61=0,0,B61-L61) -> -689.51108 | O61: =+K61-M61 -> -252430
A62: AU 1.1 Grade A | B62: =_xlfn.IFNA(_xlfn.XLOOKUP(A62,'Price list'!J:J,'Price list'!K:K),0) -> 34000 | C62: Kg | G62: JLB0729 | H62: =IF(G62=0,"",_xlfn.XLOOKUP(G62,List_item!A:A,List_item!B:B)) -> Karkas Uk 1.1 Karkas Uk 1.1 Frozen Grade A | I62: 466.5 | J62: =IF(F62/J$5>0,F62/J$5,I62/J$5) -> 0.023494986 | K62: =+B62*(F62+I62) -> 15861000 | L62: =IFERROR(((K62/$K$11)*$F$11)/(F62+I62),0) -> 34689.511 | M62: =+L62*(F62+I62) -> 16182657 | N62: =IF(L62=0,0,B62-L62) -> -689.51108 | O62: =+K62-M62 -> -321656.92
A63: AU 1.2 Grade A | B63: =_xlfn.IFNA(_xlfn.XLOOKUP(A63,'Price list'!J:J,'Price list'!K:K),0) -> 34000 | C63: Kg | G63: JLB0795 | H63: =IF(G63=0,"",_xlfn.XLOOKUP(G63,List_item!A:A,List_item!B:B)) -> Karkas Uk 1.2 Karkas Uk 1.2 Frozen Grade A | I63: 453 | J63: =IF(F63/J$5>0,F63/J$5,I63/J$5) -> 0.022815067 | K63: =+B63*(F63+I63) -> 15402000 | L63: =IFERROR(((K63/$K$11)*$F$11)/(F63+I63),0) -> 34689.511 | M63: =+L63*(F63+I63) -> 15714349 | N63: =IF(L63=0,0,B63-L63) -> -689.51108 | O63: =+K63-M63 -> -312348.52
A64: AU 1.3 Grade A | B64: =_xlfn.IFNA(_xlfn.XLOOKUP(A64,'Price list'!J:J,'Price list'!K:K),0) -> 34000 | C64: Kg | G64: JLB0861 | H64: =IF(G64=0,"",_xlfn.XLOOKUP(G64,List_item!A:A,List_item!B:B)) -> Karkas Uk 1.3 Karkas Uk 1.3 Frozen Grade A | I64: 133.6 | J64: =IF(F64/J$5>0,F64/J$5,I64/J$5) -> 0.006728682 | K64: =+B64*(F64+I64) -> 4542400 | L64: =IFERROR(((K64/$K$11)*$F$11)/(F64+I64),0) -> 34689.511 | M64: =+L64*(F64+I64) -> 4634518.7 | N64: =IF(L64=0,0,B64-L64) -> -689.51108 | O64: =+K64-M64 -> -92118.68
A65: AU 1.4 Grade A | B65: =_xlfn.IFNA(_xlfn.XLOOKUP(A65,'Price list'!J:J,'Price list'!K:K),0) -> 34000 | C65: Kg | G65: JLB0927 | H65: =IF(G65=0,"",_xlfn.XLOOKUP(G65,List_item!A:A,List_item!B:B)) -> Karkas Uk 1.4 Karkas Uk 1.4 Frozen Grade A | I65: 49.1 | J65: =IF(F65/J$5>0,F65/J$5,I65/J$5) -> 0.0024728914 | K65: =+B65*(F65+I65) -> 1669400 | L65: =IFERROR(((K65/$K$11)*$F$11)/(F65+I65),0) -> 34689.511 | M65: =+L65*(F65+I65) -> 1703255 | N65: =IF(L65=0,0,B65-L65) -> -689.51108 | O65: =+K65-M65 -> -33854.994
A66: AU 1.5 Grade A | B66: =_xlfn.IFNA(_xlfn.XLOOKUP(A66,'Price list'!J:J,'Price list'!K:K),0) -> 34000 | C66: Kg | G66: JLB0993 | H66: =IF(G66=0,"",_xlfn.XLOOKUP(G66,List_item!A:A,List_item!B:B)) -> Karkas Uk 1.5 Karkas Uk 1.5 Frozen Grade A | I66: 25.2 | J66: =IF(F66/J$5>0,F66/J$5,I66/J$5) -> 0.0012691825 | K66: =+B66*(F66+I66) -> 856800 | L66: =IFERROR(((K66/$K$11)*$F$11)/(F66+I66),0) -> 34689.511 | M66: =+L66*(F66+I66) -> 874175.68 | N66: =IF(L66=0,0,B66-L66) -> -689.51108 | O66: =+K66-M66 -> -17375.679
